id,internal_code
0dab71b6-b8b0-4afa-ad14-5351f5ced1e4,BMIAN008
7c2c966c-d6e2-4748-86b6-67c5f1a7f931,BMIDIFCOP_1A
3d23df89-cee5-4dec-bc14-db691b55debf,BMIDIFCOP_1D
1e778926-2f24-4c65-99dc-e1fe64dce245,BMIDIFCOP_1K
9cbeacbc-659d-4c28-af14-76674571dcf4,BMIDIFCOP_2N
0687491c-f06a-4d9f-b750-e1316a612fbc,BMIDIFCOP_2Q
afe8e081-2f82-42a8-946a-c5eaf9e11ee9,BMIDIFCOP_2R
3fcb9e06-41ba-48ac-9ff3-c97b4b0b6cfd,BMIDIFCOP_2S
2b0b9fa4-3353-4694-816a-88e5d2fadc14,BMIDIFCOP_2T
fd57abf2-d688-4654-8dbd-f4dfe4013d4f,BMIDIFCOP_2Y
8fb6cd97-1b0d-42a6-8083-fd77d0c69959,BMIDIFCOP_2Z
2cc5b0dd-e784-4074-acb7-42b341bcb42e,BMIDIFAL_1A
1e7e427d-26fc-4ff5-8ee7-9df08869277a,BMIDIFCOP_NOTACTIVE3
f209facc-ecab-4a84-8c35-407a1164723d,BMIDIFCOP_2A
53b56e6d-3663-45e0-a66f-eaa4cc9534de,BMIDIFPRE_7N
a6198409-63fb-4dc1-a9fb-dcf0d2c4be36,BMIDIFCOP_2I
47d0c508-08fb-4d38-8800-419b60664dd6,BMIDIFCOP_2D
e4dbaec8-03e5-4365-89e3-35861432ddc8,BMIDIFAL_1S
b94a829d-b1e9-4443-b5a6-7dfea77461a7,BMIDIFCOP_2J
58d42410-e28c-41fb-aa1a-5eb87526bbb1,BMIDIFCOP_2P
09579c66-5621-4e16-a1b4-a6789ddbfbbe,BMIDIFAL_1P
8c1140f8-35bd-4dfa-aedd-7d147a063498,BMIDIFCOP_2X
f7564cb8-c19c-445e-8c9f-48fd9b6244de,BMIDIFCOP_2L
a715d390-9767-458a-8f51-6126af2a74e1,BMIREC030
6e128ac8-931a-4869-990e-8d84bbf63ee2,BMIDIFCOP_2M
40973998-f899-4b9b-a0f5-68fb1f4ba2f2,BMIDIFCOP_2E
8d8f55d4-92dc-4b31-aaa4-4e053c49d626,BMIDIFCOP_2F
f9a493f3-a79b-478f-a6c4-c09bd3de137d,BMIDIFCOP_2G
5aa0c06e-e3dc-49e7-b1fb-e962430bd645,BMIDIFCOP_2H
b21b95a9-88f2-4ee2-b8b7-53d33215c77e,BMIDIFCOP_2U
7ed98e65-abf3-4863-85aa-8d5098262af9,BMIDIFCOP_2O
b003d7f1-47a7-4809-8076-e3110d79db08,BMIDIFCOP_2V
75658cf1-0e92-4b23-9e02-5e3cb85ff47e,BMIDIFCOP_2W
baf45f92-2cf4-4f88-b7b7-1a088b7ae430,BMIDIFCOP_2AA
3886ff98-c463-4834-8b68-8fb9088dd5fa,BMIDIFCOP_2AB
d609f4da-1ca7-4145-be03-b77fd0d6da13,BMIDIFCOP_2AC
878e9627-95ba-42e9-8dd8-8eff620ef32d,BMIREC031
b5e62212-c034-441d-8bec-553d05512597,BMIREC032
a633f708-247e-458f-b3a5-8d3f4f68e1a2,BMIREC033
9a939436-3044-4032-a4bb-c2bdf4a34451,BMIDIFAL_1W
4d20204c-f5ac-4829-92e7-e8328d087268,BMIDIFAL_1E
1d99bb1c-2872-448b-8ebf-8ff3ddd87e6f,BMIDIFAL_1C
21ec0f30-6224-44fb-83d0-47f65c57cc80,BMIDIFAL_1G
f373add9-ca30-447f-b2a8-4856833bbfff,BMIDIFAL_1U
65373fe7-9659-42fb-96de-bb1401dbf456,BMIDIFAL_1R
5d9125c8-6d15-4733-94e8-859b2f8b4a89,BMIDIFCOP_1I
00a2fe2c-57ea-4693-855f-c08ed8f5247c,BMIDIFCOP_NOTACTIVE1
914fdc16-c3e6-4987-af7f-17472d53d28c,BMIDIFAL_1Q
4ccd5227-59f9-4010-961b-c45652ed8fc4,BMIDIFAL_1N
c374cfd9-9616-450f-a3f8-2598498863b1,BMIDIFAL_1B
96bec841-37bc-4d84-a4db-e6c3df00c8b6,BMIDIFAL_1D
c49d67aa-fd38-4077-87ac-70221e596690,BMIDIFAL_1F
6e973d97-6408-49f8-8213-0b75a1eaa214,BMIDIFAL_1M
7f018024-1ed4-41ef-9b06-af945c89307c,BMIDIFAL_1J
bb8175c3-8726-4c92-b640-27df9008a5c8,BMIDIFAL_1H
f0aec286-b9a6-4f9f-9ddd-65e6ff0382de,BMIDIFAL_1T
cda6dcb8-3a6e-4051-bc5b-9f802bb4e5cb,BMIDIFLC_1H
b5b5b028-6e00-4804-8e08-74f416f0bf75,BMIDIFBAA_8V
6308439a-438b-4545-aba9-51b2f052bf33,BMIDIFLC_1I
77d1b419-218a-4b8f-a1f7-1f134732924b,BMIDIFLC_1J
81fffc36-5c76-4cfc-8aaf-28d8395e00aa,BMIDIFAL_1V
cfa8e56e-cf66-4693-b038-cd14c9351f05,BMIDIFAL_1I
e2999aed-6956-4fe9-8fcb-70c0a13ae7ae,BMIDIFAL_1K
8d649d3c-0f8c-4442-9739-f42954079965,BMIDIFAL_1O
ca5827dd-143c-483a-9709-b76275383a4b,BMIDIFAL_2A
cf16cd41-1e36-43dd-800a-c60a8bfcca23,BMIDIFAL_2B
a0047086-f2aa-4887-86cd-7e4bacffa998,BMIDIFAL_2C
c6186fc4-b0b8-4907-a932-70ee648e10ba,BMIDIFAL_2D
e92eef3c-5440-42b5-8047-c88a7e84e5d6,BMIDIFAL_2E
d08b5ff2-521e-4d48-90cd-e04ea326656f,BMIDIFAL_2F
e81016d4-95d9-4e84-8247-58f01b1320ec,BMIDIFAL_2G
4aaff53d-dcf7-4a7e-bea9-57e03368f523,BMIDIFAL_2H
9405b5e9-5cbb-48f7-9bed-2fa1553734f0,BMIDIFAL_2I
14f08019-373f-4850-a266-1c6446830092,BMIDIFAL_2J
b689a12b-0e84-4b1f-8375-f43bc1ed9cf8,BMIDIFAL_2K
6069146f-68d8-46e1-8440-4cdc5b6fe74c,BMIDIFAL_2M
87fcbe03-4a33-41d1-8e12-a411e33cfed8,BMIDIFAL_2N
555e4fcc-bf38-4149-bfd5-54e454633584,BMIDIFAL_2O
b01efb6b-353a-4dbb-aa0f-4bc825cbe211,BMIDIFAL_2P
0f6e744b-3c8b-40b1-8abb-7a91c6fd8b43,BMIDIFAL_2Q
1d827b0c-55c2-4496-8aa7-48bd4f96164a,BMIDIFAL_2R
f0908b8e-b057-4547-90c8-c91e61e52a69,BMIDIFAL_2S
3ce51644-603e-48ca-bb12-1166582f309d,BMIDIFAL_2T
74a399be-1b54-4f54-9ac9-5891dbca2173,BMIDIFAL_2U
f7b874fa-3118-421b-be6b-99dcc8f77fa6,BMIDIFAL_2V
9e93512a-e916-4301-b207-01314b446db5,BMIDIFAL_2W
901312e7-448f-4930-b951-589fa578e440,BMIDIFAL_3A
3604d218-a555-46cf-b3bf-511bb1fe1847,BMIDIFAL_3B
4eac4510-a352-4531-93bb-4dba3473c071,BMIDIFAL_3C
cde74ecf-a7b8-4223-9e7d-f7002930e35c,BMIDIFAL_3D
c0ace3ae-94f9-4e45-aa89-fc5bd490f2be,BMIDIFAL_3E
f8300fa9-5ee7-433e-892d-b22ff810db7c,BMIDIFAL_3F
e773138b-c5c6-4805-b288-bb74283bb352,BMIDIFAL_3G
f3ceb85f-9c58-4c38-94ff-da278a0a781c,BMIDIFAL_3H
a2bbd11c-3182-4cbb-8bb5-edf8685e2103,BMIDIFAL_3I
e080e63e-7d5c-4d98-aac4-4f88e86c10ed,BMIDIFAL_3J
9a5e82b3-3349-49b8-a647-03160a454b72,BMIDIFAL_3K
ebab00dc-08b8-4cf7-996c-ee8cd9a60b42,BMIDIFAL_3M
1dbe3f3e-d2c5-4ec2-b6cc-4892effb5304,BMIDIFAL_3N
b806bbaa-b1d3-4622-a978-0481504b05e4,BMIDIFAL_3O
f3ca712b-b72f-4172-992a-664d28375514,BMILC002
23a24851-8f50-45f7-b163-1b1275940f34,BMIDIFAL_3P
01fae814-90ad-48a5-93bf-60bd195bf0d7,BMIDIFAL_3Q
55174065-8e64-47a4-9389-4a7fc55cd5cd,BMIDIFAL_3R
8cb95705-7f91-44b2-94ba-220e65347b33,BMILH001
3c7544f0-1402-4b75-b17c-7e2a60dff3b3,BMILC001
dc165a7b-392b-45c7-970e-e0bb11779bb5,BMIDIFAL_3S
a9033792-3811-46cd-8502-08b378bdff8f,BMIDIFAL_3T
334b86d3-ca5d-4ae1-8b97-14c93dec1a40,BMIDIFAL_3U
68a2d137-05ec-499a-8d99-2b5700ca4014,BMIDIFAL_3V
2dea5829-e0a2-4219-b763-6bb1cf2ffcbe,BMIDIFAL_3W
a2f27e08-2f33-4f20-91f1-18c5103cdce9,BMILC006
4e59d7ff-91ca-4f98-bbd9-2734d4cb7e3c,BMIGIAL_1
919835f6-6ebe-414a-837e-1522497b8553,BMIGIAL_2
88552c18-79b3-48ed-8fcf-3685c90917b2,BMIGIAL_3
72416eda-ed0f-4c75-a04e-03a56e535639,BMIDIFAN_9A
848bb056-99ed-47e4-9fc5-4557f10bf6f4,BMIDIFAN_9Z
7470d6d9-0864-4b47-a186-18fe3c8d4e51,BMIDIFAN_9AA
993683cc-9606-4084-8998-65ad04f500f8,BMIDIFAN_9AB
2c7c1eae-81d6-4068-bfd9-44352da643d0,BMIDIFAN_9AC
bb26a20c-f409-4b2a-807d-c3f1d5f423fe,BMIDIFAN_9B
07fcb2cc-b543-4fd0-8073-c6a8e62fd4e4,BMIDIFAN_9C
b70267e3-5d99-4d61-bb0f-9687c1b3b22b,BMIDIFAN_9D
5d7a0a14-1633-45cf-afa0-e42e4f427351,BMIDIFBAA_8W
1213fe8a-329b-4476-94db-730a056f5e78,BMIRE005
aaa3e65f-6b02-4c8f-9093-4d2f75ce2118,BMIREC001
05318b0a-9a78-4375-880f-65dab663c0a3,BMINNF002
ad6722aa-5cb6-46c9-9345-9b853c144d40,BMINNF003
c2c19fcd-f001-4e10-99a1-aa65443f1271,BMIREC014
6e458994-5ebc-4641-9052-fd256f2f5cbd,BMIREC020
4334b220-668a-40c9-a7d5-5147b4742a93,BMIREC021
d9d08987-110d-4f7b-98cf-b3c933af1b9d,BMIREC012
199ea015-853a-439a-812e-1c6b07f7fdfc,BMIREC013
018c1456-1e18-495e-9dfd-ca747683176a,BMIREC016
1d72425a-b139-4cf2-a970-aaa42cea4ca4,BMIDIFAN_9E
e3d77eb9-46e2-43f2-a768-51b1c53d5a2d,BMIREC017
82f6277c-9855-42d9-89eb-2e7179f05b89,BMIREC024
6fb22ef7-a2a3-4862-b517-962916b92f20,BMIPRICENG_014_REVIEW
5d501f8b-fa64-4b27-8303-065ce661690f,BMIREC003
9af67b81-5925-4f89-a4ca-6662f44528a6,BMIREC018
952c690a-aafc-49ed-bf44-f1d951418dc6,BMING011
72a9e9be-342d-4d3a-a9c6-e86863f42e81,BMINS003
99284448-b0a1-4251-bf24-ccc187d42c07,BMIREC019
63ac2d2d-61b6-474d-824a-9bc8298cb8b1,BMIREC026
70076db0-c4fa-4112-9298-79e96e9c6ca0,BMIREC028
efcf86df-6cd4-45fa-a0b1-0d3a76b38b03,BMIREC029
792b69ef-b937-4639-a1d0-c4b545214cd3,BMIDIFAN_9F
1c2ef416-b33d-4a82-bd8c-8b97027dc6d5,BMIREC015
9c9dec85-08fb-4f24-8681-ad7b44823e60,BMIBAT037
b42010f8-8b38-434e-861a-48e4fab31c31,BMIBAT038
f5fe430e-1757-44b9-bc95-9f15c220b568,BMIBAT041
614b693c-c797-4c74-98f9-b102e6213864,BMIBAT042
3a785b96-f416-4247-80fa-0699e52877cb,BMIBAT043
3b129bd5-aa3b-409c-8d85-a19401a3f27b,BMIBAT054
fa5671a7-3383-4a8d-aa69-deb3043275d1,BMIBAT055
da473b26-7b59-46b8-b611-6e4bcbc01372,BMIREC004
20f56e9d-f43d-4684-a187-ace0b7961421,BMIREC005
714e3eb8-4568-4cb2-a6e8-a62d7cb29340,BMIREC022
164ba6a8-f2f3-4d18-9fbd-c41f240fb4d1,BMIREC023
f12c34be-175a-4935-955b-e3d7b29ca686,BMINM001
4b4b1f2c-578c-4943-884c-91083017c9d7,BMINS002
857262a4-06a2-4c8e-917f-fc3ee6f8f8d6,BMIREC025
e986fd4d-a3e4-4255-99e3-bc1db505e0c3,BMIMN001
315990bf-4aa6-43f0-99ae-8249defb5048,BMISG009
101fba3f-5da9-4858-8482-975b74292745,BMIPRICENG_012_REVIEW
c626ff51-d118-44bb-ac30-e117ec603727,BMIRE009
fa9ffba8-d41b-4ffb-b824-80e35a3a719a,BMIRE010
cd968a77-d913-4a49-a4b6-aca09a752bc9,BMIBAT016
943a2c01-dc89-4a9f-bcb5-ec4214812fd7,BMINS001
f03d7f3e-270d-479b-8aa6-0bad37d58566,BMIDIFCA_2V
059899f6-4436-4f76-868a-b9200368504e,BMIRE012
f8f47cf2-3dd8-4d83-900b-945b6de9928d,BMICM001A
93e20bed-bec9-4fde-a55d-0b4fa6411442,BMIBAT001
91962361-3f79-4029-8985-821c3292ae81,BMIBAT014
8ce94cf2-8ce8-4f67-a3cd-1aa9822c907d,BMING003
8a900a80-b81a-423e-b72d-40d11a7401f9,BMING010
77ee9ccd-72ab-4e2f-9e14-ad0aec68d2c3,BMING014
fe6f7f19-c1aa-49f2-8c3c-6c09518398ff,BMIAN006
5eac6a40-ca6e-46f1-85ff-fee70fabac96,BMIBAT021
f2992688-ab96-4005-9b99-a66c66d97d83,BMIBAT026
3b476ff0-81ec-404c-af69-41a23390a9ac,BMIBAT027
a11d3816-9778-4fb4-ab0c-af7f23ea055b,BMIBAT028
25f5390b-b37d-4a90-b026-7989c88b23df,BMIBAT029
766521f8-ac8a-486a-b988-6ea975fe2552,BMIBAT030
322ecdeb-f07d-4b24-814d-79a867ee54fc,BMIBAT034
02241e93-96dc-41c0-8f42-3d3eb3cff0d8,BMIBAT035
3afcfc1b-8672-49ba-91a5-7043286332d5,BMIBAT036
c0a342a1-f5e9-49e8-ba3d-c3f4748ca4fe,BMISG007
d7fa88a3-aea1-4665-adb9-08688b6ed37f,BMICM001
fd27e82d-a5b4-4318-ba73-000156bc7176,BMICO001
8cda2407-37dc-4ef8-8922-ea9b249dda27,BMIBAT025
7bbf238b-19da-4b92-8239-d72984a6fc7e,BMIBAT031
d7208017-d2d1-46f6-aa22-70830755c6cf,BMIBAT032
4554968d-2cb1-4c85-bd04-02beb6a773fe,BMIBAT033
8c6cecc1-b4a4-4fd5-9c0a-bee145ee5f1a,BMIBAT039
e578da38-f8db-4081-87f2-a96525eef934,BMIBAT040
c270e902-8538-4059-8507-e58315f83629,BMIBAT052
29402fb8-7fd0-4718-848f-ff011e6464a1,BMIBAT011
801381c6-0b70-4a5f-b97d-ea54e33e85cc,BMIBAT012
14471f5b-d20f-42bb-8a1b-704e3574455a,BMIBAT044
f288f688-bd09-465a-bccd-de8c43241b38,BMIBAT045
52e34673-68ee-4c1d-b2d8-53943d3e0b30,BMIBAT046
915e52f7-15f0-42b8-977c-22aa7641808c,BMIBAT047
f14f3683-1363-41ef-9c95-1c9a27b38346,BMIBAT048
e96b8a12-5bd3-46c5-9d1a-3e0003871ebc,BMIBAT050
84be35fd-ad87-439a-b100-ed18308f4591,BMIBAT051
3cd44de7-31bb-4ecc-96b2-10514f233f35,BMIBAT053
c6cbdd47-9e02-457c-a474-5846ff0c1f7d,BMIPRICENG_013_REVIEW
7a764293-8fa6-4701-ae27-437921433fe9,BMIBAT003
c1c7abab-0b00-4248-aa62-3b5fbab13b48,BMIBAT004
887af56f-b429-4db8-a7ce-76e62f620172,BMIBAT005
503c2f9a-4cd5-4234-b0dc-f614a752f74a,BMIBAT017
3b79b8b3-907d-4a30-95cf-3cc47b6f54a9,BMIBAT018
9811d167-936a-476f-9488-605a4cdd093d,BMING001
ca86517c-2b3f-45e4-9caa-d4bbaf80f80a,BMING005
b52245ee-395d-460c-b1c3-e8eb78e2a423,BMING006
498fa2d8-29f4-444e-b6ce-e2e782d51252,BMIBAT008
3a16b3da-852a-4492-b622-d669803a0055,BMIPRICENG_011_REVIEW
fc548a31-2b78-4d3c-b031-27a3f2b3460c,BMICA004
2904df75-d7b4-4175-8983-40fea47b4628,BMICA006
605beffd-f539-491d-9cd9-52ca78b1d1cf,BMIMHP002
ddf34bbb-5b99-4571-a0ae-07039aab62e0,BMING007
84f13a9b-aba7-4e34-9bde-5cc3f4fb3044,BMING008
123ba6c6-5cf0-4348-a6ff-6734f76e160a,BMING009
9ce329bc-c275-467a-9a08-9efdc4056f9b,BMING013
6fbf4650-70c3-4d05-89bd-30ebfe50ac2d,BMISG003
17417f99-09bc-44cc-b9ea-f73c67a7c6d7,BMISG004
4bf0f184-684b-4535-b543-b0a66bf5d9bb,BMISG006
ecb0ed51-b1b7-4efa-a441-dafd342214d6,BMIELE001
43456ee8-892a-401b-9470-fdd557e4a619,BMIMHP005
21125ef9-a0b1-46c9-9575-782370c54041,BMICA001
98b889ec-94f7-4432-a624-66d47b504e19,BMICA008
63b4692c-fbf8-43a3-85d8-a3f41dd5d28a,BMIMHP001
7ee8dc31-3e17-44dc-b36a-cab2755937d0,BMISG005
8f970d33-7c5e-453b-8855-ec5433083e7f,BMIRE001
9bdd81ae-9829-4504-84bf-e2c26893537d,BMISG002
c760c5d3-e267-40e2-9765-5dbfaae9690f,BMIAN005
2e03d11c-15aa-46af-96d1-99f7bacd4e1b,BMIAN007
fe4381f9-2ef8-498e-b75d-ea7f29bd1c77,BMIDIFAN_9G
fef0d57e-d8b8-411b-96bc-b2fb37842340,BMICA005
428f7dd9-04eb-41a8-897e-82c3fdcd97d5,BMICA007
011467ae-ca58-4fca-96df-9ba2d71f72d4,BMIBAT015
59b63e25-6362-4ac8-88fc-e404d3b479f4,BMING012
f23ea327-0e23-447e-8c18-11ca302140f3,BMILHGWA
822e2841-d3ab-47c5-b329-4f9b1c53d4d8,BMILCGWA
7615f854-1eea-4442-a112-197b641492bd,BMILC003A
85f9f5f9-b8fb-42ed-a839-71f966b0d69d,BMILC004
d9192169-a777-4b08-91ef-48036a125a16,BMILH003
b072c04b-94f9-4952-952d-a810b9dd3968,BMILH004
7536cf37-c8d1-4ee3-a73b-395a304ef23b,BMILC005
f1adc9bf-dc8d-4fb1-811b-328f8169bb83,BMILC008
772492e1-e0cd-4fac-b588-2359b8dd31ed,BMILH001A
7bb67648-6a82-48b3-afae-059ffe9613b9,BMILH002
bc0372ae-56c6-42de-a1ee-566a4cdd0723,BMILH002A
6eeec160-0fec-4513-9ddd-913fdbd24dd1,BMILH005
253b4b51-8304-4fce-a3db-7cc9b96b2253,BMILH006
a1dfe425-4e44-4e15-9ca7-f8a43cf268ba,BMILH007
571c926a-c63c-4a02-9818-32fda18c6c00,BMILH008
a8188405-e7ea-4e9e-921d-c510271fb55c,BMIAN002
29416fd9-4531-4e9b-921a-7c7b1c0b24cc,BMIDIFAN_9H
f82b451f-d335-4457-a6aa-5722adc4b69d,BMIAN003
30441ab4-eceb-4d0e-88d8-a17c9749aae1,BMIAN004
a9f6b203-6e17-465a-98b8-ed5c3d98ef64,BMICA002
e0dd267e-11d4-4a0c-ac7d-f03fc255d929,BMICA003
1756c55a-550c-4bf2-991a-49876fdc206f,BMILC009
db3cf1ba-239e-4e08-b625-47923a52b02f,BMILC011
81a3f0d8-2dcc-459d-9ae6-ffecec5dc13e,BMISC001
8952f230-f6af-4830-b198-9962b0299f33,BMILC002A
e78947c4-aa31-42cf-9cf0-ae0bcfa29c7d,BMILC007
1e8ff09c-6449-4390-aca0-ddd2d7dfc8d1,BMILC010
225ccf23-7606-41bd-88ca-842eda17ebde,BMIBAT009
f9a0b2d5-525a-479e-969e-638b70bb9a9b,BMIBAT013
db11825d-ab43-42cf-bb7f-21331c1ca3fb,BMIBAT022
884e614e-1663-4143-a947-f1464e610494,BMING004
e6ab0356-ff75-43b8-b8d9-e39f77ec0fd1,BMIMHP004
377b9c03-b0e6-4735-a282-401305bfe8e5,BMINS004
38787962-d2f2-49f9-860b-32370112a9f8,BMINNF001
aa0ddab3-3d4b-4a3e-ad67-97a68f79191f,BMIDIFAN_9I
47cbfdce-4489-486c-b055-1e58ca35a907,BMIDIFAN_9J
326fd73f-fab0-49a4-ac22-2db89639ed2a,BMIDIFAN_9K
28b9d6dc-06cd-4f4c-92fa-e57b3692c78a,BMIDIFAN_9L
b48e730c-dfa2-4c42-83b3-73ace2dd624b,BMIDIFAN_9M
61e5609e-5475-4e3b-9001-9b1eb9365516,BMIDIFAN_9N
500599ce-2a5e-4069-a232-d37166971e73,BMIDIFAN_9O
60888a75-d9ab-419f-8dd3-1bb58bec3d9c,BMIDIFAN_9P
f53be6ab-a539-485e-b1f1-70fde4924bf7,BMIDIFAN_9Q
5af30480-a3cd-46c0-a858-68d2bfcc1c26,BMIDIFAN_9R
c61029fe-1840-4dc7-91e9-7d750373d127,BMIDIFAN_9S
8a74be2f-2b18-4e19-ba87-a9bec13389d0,BMIDIFAN_9T
b4661347-b19d-4653-a01b-183671fb36cb,BMIDIFAN_9U
8a3d1b98-41fb-4bb1-856a-c0b6c7c6b122,BMIDIFAN_9V
f8e031c9-b4e8-4d7a-b5cc-4d1c2955754b,BMIDIFAN_9W
0d5d64a4-5bd0-4c01-b1cb-3fd1ec6a411b,BMIDIFAN_9X
4e48942f-642e-4048-89b7-4a5064e953fc,BMIDIFAN_9Y
0f63a624-495d-4507-87ba-1b889d22a1be,BMIDIFAN_1A
63cc85cd-72a8-45b6-b85e-de93a79d861d,BMIDIFAN_1AA
a7f95a6b-4f6b-4629-bc4d-483b2ec90554,BMIDIFAN_1AB
347a1113-aab7-45d6-b389-abe5b3341864,BMIDIFAN_1AC
230c1425-30a0-4104-a338-603c266ce6e9,BMIDIFAN_1AD
635b7871-7cef-4655-9fdf-3b8780cb6f2c,BMIDIFAN_1B
2c48a7c1-661b-45e8-8b0d-7b01ee3d6879,BMIDIFAN_1D
d552b941-a891-4626-8c34-a3a9cbe228ff,BMIDIFAN_1E
0246e04d-b426-4b01-9e3e-2e132e7d4d2f,BMIDIFAN_1F
bcdede41-c1c0-4850-94ea-3ba7216ce6fd,BMIDIFAN_1G
2d462b9d-b744-4c6a-b260-298b9306d916,BMIDIFAN_1H
2165ee39-12c7-46a0-8928-9e421f32ab2e,BMIDIFAN_1I
5ae158e6-cf74-4e97-a9c3-26a2d6c6d77b,BMIDIFAN_1J
1bb7b7d3-9fd6-4866-9759-42dbd4230d46,BMIDIFAN_1K
4799df8d-f633-4d98-b6a5-7e079b30783a,BMIDIFAN_1L
3e1fdf85-cf67-4b48-847b-3d3ad408e2b9,BMIDIFAN_1M
e04c67cb-6aa1-4621-a7cd-3bb33dab9821,BMIDIFAN_1N
5aed22ff-9d0a-4293-9abd-0376ce75b70d,BMIDIFAN_1O
f15cb070-50e4-4a56-b077-61c4ddf91183,BMIDIFAN_1P
491ec157-b30c-428f-9cf6-78a54ce4e21a,BMIDIFAN_1Q
4a165bc0-e3e9-443f-a02a-4855adafe8ba,BMIDIFAN_1R
96ee6143-8e09-4f0e-906e-d3ec2daf866a,BMIDIFAN_1S
082186ea-e27f-46ec-97ea-cc72bdb9ae73,BMIDIFAN_1T
ed8ecdfc-927c-4a99-a96a-fa27315c39cc,BMIDIFAN_1U
ab5f76f6-52c1-4666-8b39-10adc1286db2,BMIDIFAN_1V
fc188e42-ad2d-4575-abfd-0399f22e6711,BMIDIFAN_1W
45f732ed-2adf-4334-a3be-64a35ec4c625,BMIDIFAN_1X
f075c51b-b00d-48a3-8cd0-15416e91bbe1,BMIDIFAN_1Y
7ce7d807-5b21-468a-bfa0-5ae2d610103a,BMIDIFAN_1Z
f7a5e975-41ef-4762-bf9d-cf944ba43f39,BMIDIFAN_2A
ec1546a6-fc03-451a-9632-503c0ff77da5,BMIDIFAN_2B
7474efa0-548f-4b0b-ae75-439e6b88b2ab,BMIDIFAN_2E
d4ca4693-2c23-4890-93f6-a6ca1d433e5c,BMIDIFAN_2F
d6711500-18d9-4581-a703-7d9c6c2ec355,BMIDIFAN_2G
f35b2b1a-d0a1-447f-b192-efc57b865850,BMIDIFAN_2H
74432539-4e85-436e-985b-ceee78d00010,BMIDIFAN_2I
235052ee-476f-4da5-bbd8-cee338aea70d,BMIDIFAN_2J
ce15b3ee-7763-4ae2-ba64-2506ed89bca2,BMIDIFBAA_3T
644f93b9-e91e-44b3-823c-300020eb3c5a,BMIDIFAN_2K
02dc0808-3657-47c6-87a5-d7b3f7be8cfe,BMIDIFAN_2L
d23d439e-98a7-4f04-ae24-9dc1b214932b,BMIDIFAN_2M
2641b1cc-5516-471c-b563-626ec4b7d569,BMIDIFAN_2N
e092e6bb-f0c2-49dd-a99e-6e9f0b0fb233,BMIDIFAN_2O
c3ee0bb0-3d28-48bd-b5c5-cb39050c6615,BMIDIFAN_2P
eef148c2-d0ba-4fb1-bb66-c55c7f0ca5a9,BMIDIFAN_2Q
dbda3703-84a9-4b8f-b59b-ee7887a5794f,BMIDIFAN_2R
34349ff4-7247-4ab9-b51e-926877cdacdc,BMIDIFAN_2S
1a8f66c1-2315-42ee-bda2-0def4a5bb854,BMIDIFAN_2T
87d66d58-e4e7-4cd4-8fd2-9392fe58a305,BMIDIFAN_2U
bdef51f9-6dcb-4908-b9b6-559e3dda6e91,BMIDIFCA_2W
dc65af78-8a40-49e3-98e1-8980b9c5e6f1,BMIDIFAN_2V
a0ba91fe-f4e0-4387-baf7-1911c7a3227b,BMIDIFAN_2W
9411db32-bff2-48dd-871f-9dff40c7d15c,BMIDIFAN_2X
1886d01c-2824-492c-93c9-5a5b462759e3,BMIDIFAN_2Y
89c4d35f-5f64-4a06-80fa-fc91245c37f7,BMIDIFAN_2Z
666846a7-4f10-4832-a5a9-f05713035305,BMIDIFAN_2AA
d4475f35-2e0e-4c9a-8ab6-86301bda27a9,BMIDIFAN_2AB
dfaf3a08-078f-4b81-985a-fff3e74a5dee,BMIDIFAN_2AC
aab1b40e-79a4-4069-ac00-c9c9469a98e5,BMIDIFAN_2AD
e1d641eb-4ffc-4709-b536-2a772d74ba25,BMIDIFAN_2AE
a6ee4be2-0d4e-4ee2-88c8-da28292fe123,BMIDIFAN_3B
a5558870-e3af-4308-bc02-12d09945a91a,BMIDIFAN_3D
8d2fdca8-bb9d-4395-a9d0-e8766fbdd7d2,BMIDIFAN_3E
8afced9e-66ed-449d-92fc-22046b441d53,BMIDIFAN_3F
4e6192e8-d901-48ee-8c7e-5f2b9eb72c11,BMIDIFAN_3G
88449975-36fb-42c2-aa85-b1164f877558,BMIDIFAN_3H
304f34b1-2639-4b97-8b68-52dd07d8438d,BMIDIFAN_3I
bed379f9-2d75-48b4-9002-1dee73e9d8f6,BMIDIFAN_3J
bb37b482-25f5-49f1-a415-6258ee6c8666,BMIDIFAN_3K
9aa0151a-5fa6-4f8e-b6ef-5c61577acc43,BMIDIFAN_3L
268c1a22-71e4-4302-b7ec-cd17b37eea8b,BMIDIFAN_3M
ba108588-c8f4-4273-97a1-d144b3886bc7,BMIDIFAN_3N
964d0ea2-407d-4b1e-87f8-8f5d02a19df3,BMIDIFAN_3O
c368f385-546a-4f3d-b4ff-cffddeb65c27,BMIDIFAN_3P
0083d07e-649c-4d48-b03f-a4f310a3d348,BMIDIFAN_3Q
752c572d-008a-427c-a58a-20aca4ed6da1,BMIDIFAN_3R
0ad66389-df1b-4962-bfa5-9a46242feb34,BMIDIFAN_3S
44a9dd7a-c258-4fde-9495-be2617344331,BMIDIFAN_3T
f8d7fe56-f65d-48ea-b99f-ac69f298b95d,BMIDIFAN_3U
b89162f3-b7d0-4b43-a295-1543c4b3049b,BMIDIFAN_3V
aee21318-938f-487f-bf07-514a199c5790,BMIDIFAN_3W
597767ae-79a3-4343-a1e0-7f5c83e90936,BMIDIFAN_3X
80e5b363-d794-43f2-a40f-88bb5c6bec85,BMIDIFAN_3Y
f2dfcd60-28ce-4c85-9d28-b56725a39b31,BMIDIFAN_3Z
742bd694-1d5f-441c-9f86-5f2e7660e058,BMIDIFAN_3AA
799f4509-8c03-4512-9ccf-500ccd3203b3,BMIDIFAN_3AB
f9ceec9c-d0e8-401a-9e7a-e52f673ea486,BMIDIFAN_3AC
5aa90c71-d534-43a5-a1c3-a2a1df5514ef,BMIDIFAN_3AD
bf33ea8b-267d-4318-98f7-e9a37cf95cc6,BMIDIFAN_3AE
73ceaeed-5584-4e52-b179-3ba2e0928d1f,BMIDIFAN_5B
b8b4467b-7f16-4b4a-ac7c-35b1c0a19774,BMIDIFAN_5D
7a1d6f6a-6eb9-4e36-b5f3-977fd72c7884,BMIDIFAN_5E
91a456dd-4809-4e78-93b9-e76be09b64db,BMIDIFAN_5F
36e9c99e-4e05-45fb-8844-320b6474f276,BMIDIFAN_5G
2c4ae50f-13e3-4103-a6af-4607c10d39b2,BMIDIFAN_5H
52442a28-a0a7-48b1-8390-887e59d116db,BMIDIFAN_5I
42e47cf4-e8c2-4102-b93d-d72be58182c3,BMIDIFAN_5J
f62c3174-c4ea-472c-8c45-f7c8e09079df,BMIDIFAN_5K
60512653-cf12-4991-ae04-b289640d2f45,BMIDIFAN_5L
7a8e65aa-d834-4b54-a4c9-e23597c4bbf4,BMIDIFAN_5M
1e1f5072-af99-4fcb-a9ce-6ae58412c0b3,BMIDIFAN_5N
b326eff4-e30f-47cc-b5ee-8b8b745ec03b,BMIDIFAN_5O
84ec1796-c49a-4b66-b30c-4223efc70bb2,BMIDIFAN_5P
d510a128-4a63-49cb-8efb-e0d04efeb2d2,BMIDIFAN_5Q
26ef5e65-5d1a-4b6b-a962-2b298f66f6ab,BMIDIFAN_5R
e7919fd2-90e0-4da8-8420-6a25a7eb61dc,BMIDIFAN_5S
a76b1863-27b9-4683-bba6-a0a7105f292c,BMIDIFAN_5T
4785e34d-e923-4870-b63f-f319c19cb639,BMIDIFAN_5U
b5f87c7b-be3a-4144-9631-42736dcc76d9,BMIDIFAN_5V
8f4832f0-c131-44e7-85e5-6ebe01ed61e6,BMIDIFAN_5W
007d9bd6-d411-4315-ac2e-980eea5a34e8,BMIDIFAN_5X
098f28b8-9b8b-4f83-b221-83e75a422e77,BMIDIFAN_5Y
8042b50e-d825-4166-89b5-9b6019395273,BMIDIFAN_5Z
e9c72b10-61d3-4bcb-98ba-bece2b74880e,BMIDIFAN_5AA
f1eab6fd-137a-47db-a1d5-8189706b54fc,BMIDIFAN_5AB
76df7c82-58a1-4bef-a276-a516db906d99,BMIDIFAN_5AC
9233e484-b27b-46cf-a2b0-5133f334ea3c,BMIDIFAN_5AD
aaf11c0d-4c2d-4e76-9ad0-e0260d551605,BMIDIFAN_5AE
a2b35363-bdce-4b3f-a333-fe7675f57552,BMIDIFAN_6A
e4d6cc19-f2f7-4dc3-b454-939ce7357d77,BMIDIFAN_6B
5cffddaf-5fce-4356-82bc-abc8c55aef3b,BMIDIFAN_6D
58d688f6-0fbf-4474-a422-678fcae9685c,BMIDIFAN_6E
fb856add-922a-4442-a2f6-f2857229399d,BMIDIFAN_6F
e81c8bf6-5051-438a-807a-dbe7b1dfe20a,BMIDIFAN_6G
9c828fb5-8926-4359-b048-401413d48c4a,BMIDIFAN_6H
6b8ac141-ec64-4634-85b0-42031dc0f46f,BMIDIFAN_6I
f82540b6-966d-4a16-b0e5-55baddc9cbfc,BMIDIFAN_6J
de2b292a-d871-46ba-b54c-ea3b2aeddd13,BMIDIFAN_6K
7d6b6218-dce4-4aef-9480-42a5208d1094,BMIDIFAN_6L
c88643fd-93de-4471-80f5-5817df3e8830,BMIDIFAN_6M
1b9e6ae6-e11d-4765-9c4c-c4adb077e100,BMIDIFAN_6N
8681baa2-a556-4392-b3db-7871f81367cd,BMIDIFAN_6O
9c5dbd95-b11d-4fdc-862b-02a4e5e1f729,BMIDIFAN_6P
a7efd9f5-1eec-44e0-957a-9cb851b313b3,BMIDIFAN_6Q
fec9ef9c-75f3-440b-96ed-79c34e3af20e,BMIDIFAN_6R
048e52ad-c82e-4594-b114-67509b2d04f4,BMIDIFAN_6S
425d17de-badc-4bde-9aad-284a75221355,BMIDIFAN_6T
a4c89284-b5b6-421e-99fb-027dfe5489e1,BMIDIFAN_6U
be068b3d-003d-4443-b162-81e6b84c040e,BMIDIFAN_6V
b0ccebfa-33a6-4a29-80f8-809512a0b897,BMIDIFAN_6W
f43bc188-f940-4fe7-a33f-53c06f75f1b5,BMIDIFAN_6C
7eb134db-39ab-4ca0-be70-26d31df18275,BMIDIFAN_6X
99fcde67-1def-4bd9-98ab-a433e2573754,BMIDIFAN_6Y
3f9108a1-7321-4eb8-b1b1-a1a200fcdd1c,BMIDIFAN_6Z
4a51fe32-d550-4f0d-a1c9-e6b8a98e6006,BMIDIFAN_6AA
7a5a5ac5-62b8-4feb-911f-326cd7ef04c7,BMIDIFAN_6AB
1f4c8eeb-507f-46ea-8b42-a6935e4020ff,BMIDIFAN_6AC
05672e4c-3bd2-4adb-8859-001a0605f4ca,BMIDIFAN_8A
e4262945-0934-4bad-a41f-a718f0ba432d,BMIDIFAN_8B
c9edde37-54a2-406c-ab24-e2212c9fe3e9,BMIDIFAN_8D
9d9afbb5-25e9-4157-8acf-78372d03db21,BMIDIFAN_8E
c61d0199-b4a1-4ccb-81d2-d2a4a0bd9ee5,BMIDIFAN_8F
2fc9a5e8-5299-4144-a754-b04fd3d97a61,BMIDIFAN_8G
0aeb972b-e89a-4db9-8312-64c53223c99e,BMIDIFAN_8H
fd214a9e-89e7-404f-bc6d-44eb6b080b92,BMIDIFAN_8I
5d2c7661-d1e8-43e1-9929-2393e77a6fca,BMIDIFAN_8J
0e21b947-6fc2-4cdf-beeb-ca889beda180,BMIDIFAN_8K
4c2ce215-e584-4da7-a8a6-5e4ab64f5d3e,BMIDIFAN_8L
04bccf6d-1255-44a0-9514-0a482e1a76ea,BMIDIFAN_8M
c0cf4752-5c6f-4b52-832d-9a0e8ea6ba8d,BMIDIFAN_8N
5e4ebf1a-54bf-4389-ae8a-bec17f034f6a,BMIDIFAN_8O
1d90b652-75c1-43e9-a7af-690c9e4dbea1,BMIDIFAN_8P
6f57da54-d9f4-4a42-9482-cb7304177b29,BMIDIFAN_8Q
6b9ad7e1-2b0d-40f0-86eb-2e6719298b9e,BMIDIFAN_8R
b3ceb756-86c5-4f3a-9bef-363975af3e89,BMIDIFAN_8S
f81b749f-8339-4878-842b-46808f9433f1,BMIDIFAN_8T
8dd18e64-4a8a-4ddd-96f0-615ea8c3ac81,BMIDIFAN_8U
a25abbc2-19c5-464e-b50b-bf857232d846,BMIRE011
32551ef0-ec9d-4f34-9d1f-26cca45a0810,BMIREC006
7595b51b-a793-4742-b936-df73f09d876f,BMIREC007
f69e781c-377c-4c8d-8cd2-57bae3a42357,BMIREC009
55b599d3-695b-4452-a2a6-3f86b715c021,BMIDIFAN_8V
272c6ef9-3d5c-4d7c-93cf-8f37c79e935a,BMIDIFAN_8W
6956849a-aa87-419b-adaa-258c9b362175,BMIDIFAN_8X
eaf5cce6-d935-4214-bedd-028da7e9962e,BMIDIFAN_8Y
9068d948-64c5-4702-ad57-e2a10898e4cf,BMIDIFAN_8Z
0d350fd5-99f4-4236-9fd1-76cb2494164c,BMIDIFAN_8AA
7bc6dfc2-41ce-4113-8110-eb0d751fb073,BMIDIFAN_8AB
acd97b8a-cf9c-44a4-bf0f-d0e96bb9c21b,BMIDIFAN_8AC
56f45cce-c6ed-49c2-80dd-acfc51c01993,BMIREC008
6bb16938-2dc2-41ec-82bd-a8ee897e9b9c,BMIREC010
2ca14a13-54ca-423b-a821-7a55388b9778,BMIREC011
f195c1e4-694d-451d-8ae3-cb01c523aae1,BMIDIFAN_8AD
99d1c425-577b-4586-af9f-5b934e239686,BMIDIFAN_4A
9a73f884-f252-41bf-826b-d8b9841befc9,BMIDIFAN_4B
e04e9b37-5d70-47a8-ba9f-f7cb85ff2874,BMIDIFAN_4D
e71b32b8-feea-463e-8871-565301a61e31,BMIDIFAN_4E
1228e77c-3156-42c0-bfab-a30cfbda2f67,BMIDIFAN_4F
6b27def2-214d-44af-b37f-c02f45752645,BMIDIFAN_4G
775f069b-a6f1-452e-84da-5e2da0ebb860,BMIDIFAN_4H
b08ffd1b-afd7-4506-be0d-391a98a6a7cd,BMIDIFAN_4I
32244a3c-8571-4c37-8a4e-85810e5416af,BMIREC002
5af4ec68-8fde-4935-929f-ac1ee402abd4,BMIDIFAN_4J
7ac6250c-aaca-43f9-bb98-a99a34420932,BMIDIFAN_4K
fcaee564-62cc-4518-b81d-210bf2c44457,BMIDIFAN_4L
7fc700d5-9591-4ce1-b4c5-110189ab4a69,BMIDIFAN_4M
d94acd48-419b-487e-8482-f1898c8e5388,BMIDIFAN_4N
3f7dead4-3978-4ae9-a31a-117b4b55e5f8,BMIDIFAN_4O
f4b7ab22-5af4-4427-b2cc-5de4bc4a90e9,BMIDIFAN_4P
01b81dcc-e432-4396-8663-89802db91024,BMIDIFAN_4Q
7b66474f-98ef-4d25-b95a-ee77a697e0ca,BMIDIFAN_4R
b9b46a71-c6b6-436e-8a7c-fc65e5c32a79,BMIDIFAN_4S
13aab2e1-d7cd-4619-8dfe-dff300ef3bbe,BMIDIFAN_4T
ad12fb12-ce9d-4f3c-9e2a-48f1ab64fdc7,BMIREC027
9ead22c0-b94c-4f42-8aeb-0f1a7147c31e,BMIBAT023
d2c6c3fb-8e4f-47ff-a6c3-6a590b951dea,BMIDIFAN_4U
7254500e-7b62-483e-b939-129b4a4c6e85,BMIDIFAN_4V
784171a8-37d1-452e-b485-ebc3e9baf3f9,BMIDIFAN_4W
3ce897b9-3d39-47eb-b7d6-d107639fade4,BMIDIFAN_4X
1449026d-6328-4490-892f-deae7f58463a,BMIDIFAN_4Y
013e23b9-7967-46e2-9fee-d83407227b04,BMIDIFAN_4Z
f6e0167d-4cf1-4958-a2d8-1208cd58aadd,BMIDIFAN_4AA
70858662-c5b3-4415-804a-f7b5f54532bd,BMIDIFAN_4AB
b9da2ff3-a8d9-493e-91cd-8ad8049e5430,BMIDIFAN_4AC
a974187a-7873-4597-9b06-fb55aab219eb,BMIDIFAN_4AD
6a6dfb33-a5d6-40e5-ae22-4ae19da4ea51,BMIRE002
b7fdd66b-6fe7-45cd-a330-04c120cade88,BMIDIFAN_7A
637815fd-ec48-4b15-a82f-0915fffe0623,BMIDIFAN_7AA
7181414b-3297-4d14-acfa-33b446da1b6c,BMIDIFAN_7AB
d3f7821d-6aaa-41e2-8e38-fe4d80df2a50,BMIDIFAN_7AC
1574e7b3-76d3-4ea3-a524-5f92092cbfba,BMIDIFAN_7AD
9d201077-e0fc-49b9-91df-ac2b4a623439,BMIDIFAN_7B
65d7dfab-a3c2-4275-ba1e-d53da903685f,BMIDIFAN_7D
d25eea62-3fc5-49fc-a758-d2df3b8229a9,BMIDIFAN_7E
8bd64a14-415e-4ca2-a13f-f7b7f6580b45,BMIDIFAN_7F
45c84035-17e4-4b86-9903-2d9348a2d96b,BMIDIFAN_7G
c6fd225f-dc3c-44ec-8f6f-91c5b599a788,BMIDIFAN_7H
1da3d281-5a60-4437-b0e3-fdb84b49995f,BMIDIFAN_7I
533c61a4-2f33-4c53-b9db-c2af4d279710,BMIRE006
f7d9d5b9-ba99-4275-aec7-96859cc61ba0,BMIRE008
9a49e293-1035-4051-bb77-4b3d8334a84d,BMIDIFAN_7J
2a9bf19f-9c7c-4dd0-8470-70f04f5c7ff0,BMIDIFAN_7K
a6fd9f0d-9c82-4d70-85fc-bf14bfb4637f,BMIDIFAN_7L
66bb1e73-8b0e-4864-890e-99cedd6a8612,BMIDIFAN_7M
0457fc12-c894-4c9a-9745-ae1042b53f9b,BMIDIFAN_7N
f18d581d-2ea3-4362-bb99-9f154481876d,BMIDIFAN_7O
db94146a-eeb2-4624-8695-b433d44d49af,BMIDIFAN_7P
127cc061-036e-4804-a547-0db4b4abe932,BMIDIFAN_7Q
96615b72-76ab-44c6-a64a-579678e39ca6,BMIBAT002
910131c5-2d72-4820-a023-6dbeebd7e5b1,BMIBAT019
ce6e7cf4-b9eb-4725-8c96-5b259af5df6d,BMIRE004
90578511-9842-4fe4-b18e-a6e1826cbf8c,BMICH001A
94a51828-b9c9-450b-ae98-f9f44b3b68fe,BMIDIFAN_7R
ee8d4488-f4d7-4531-8d5a-a430a357b360,BMIDIFAN_7S
e5174389-9081-4130-a5f6-93562efdc1d0,BMIDIFAN_7T
0f0d5e85-f1c0-4a67-8af3-699cc61dcc6c,BMIDIFAN_7U
11bbf77f-2ffa-453e-b740-975fcb639549,BMIDIFAN_7V
641ab8de-9061-440d-afa9-dcf50358f352,BMIDIFAN_7W
e577c1e7-3091-4f12-834c-a3743417da51,BMIDIFAN_7X
a85ab299-19a0-4bde-9ea4-e7b99cff5aff,BMIDIFAN_7Y
5d13a948-cba7-4163-b778-b18743ddb79d,BMIDIFAN_7Z
bf647406-6f14-4564-8e32-1918e2b94578,BMIBAT020
5d6ed268-e1ee-45ab-87bd-02a394b49a97,BMIGIAN_9
7c60d7a5-1c98-4593-9465-96ac2c0dbc79,BMIDIFBAA_10A
d772af64-cdfc-444f-a279-bb899dfccb84,BMIDIFBAA_10Y
9ad9ecf1-139a-4249-ad15-f35a43e7d92c,BMIDIFBAA_10Z
8f1a35e0-eeac-4d10-9ce3-8d352471a3e5,BMIDIFBAA_10AA
28cb698a-0406-4160-8e2d-d20267fee171,BMIDIFBAA_10AB
673524a3-79f3-48cb-a9c2-30e8aff38caa,BMIDIFBAA_10AC
71172851-19ce-4940-9298-aa8d161bc79a,BMIDIFBAA_10B
cced3aaf-f261-47de-9cbf-bb8240339eee,BMIDIFBAA_10C
7a255eab-abba-45cb-9262-8c432585604c,BMIDIFBAA_10D
9d5badb1-db32-4d9c-a1c4-53218a78b551,BMIDIFBAA_10E
2eb68f25-458f-4098-8dcd-d35a74612583,BMIDIFBAA_10F
0cdd88a6-4e08-4116-af60-e8821f7e87af,BMIDIFBAA_10G
50282228-ffd5-4728-af56-c93b75f6f011,BMIDIFBAA_10H
f786fe1c-39af-4f4d-b8cc-b5b28c2ff33f,BMISG001
b73dd901-2fc4-4801-9a4b-a76caf576c77,BMIDIFBAA_10I
3775e7c9-fc5c-470d-8840-49936af66e0a,BMIDIFBAA_10J
4e0307a9-496a-46f9-b08b-0671f7920a0f,BMIDIFBAA_10K
17134e26-5202-4d9e-a57d-b5ae3bf6fa6c,BMIDIFBAA_10L
88fcb747-bf3d-4dac-9db1-170a125f9367,BMIDIFBAA_10M
8146e957-5c6a-4553-a1bc-681d1120b589,BMIDIFBAA_10N
fe391e43-5552-4ffc-abac-5665b10fa638,BMIDIFBAA_10O
0e8c0548-1204-46ff-8770-a399f133c269,BMIDIFBAA_10P
7c30e110-9132-43b8-97df-08abea26df48,BMIDIFBAA_10Q
77f0fbc4-f7fa-4a20-9499-08388a9a78b9,BMIDIFBAA_10R
02c1cbb5-0e28-4636-961b-3c551e57f5c1,BMIDIFBAA_10S
b9922646-715c-47fa-9c74-231a5e29c02d,BMIDIFBAA_10T
fe750fe5-5fe1-46c3-ac83-6e9350e0acbe,BMIBAT010
293aafb5-a14e-4eae-86b8-d111ab493535,BMIDIFBAA_10U
646b693b-57e3-44c5-a206-e834d1185779,BMIDIFBAA_10V
42750bd1-35c3-491a-95dc-a9a598915248,BMIDIFBAA_10W
8a1f3a00-33cb-4196-929e-03016678d1de,BMIDIFBAA_10X
47c2dd5d-ba45-4673-a418-fe94971af66c,BMIDIFBAA_11A
7a095ec5-3493-41dd-9e19-794a485ccdd3,BMIDIFBAA_11Y
bece2463-8b2a-4676-a61c-4f50073c5019,BMIDIFBAA_11Z
8e3b0a21-2923-45d5-94f3-e3220990ad6f,BMIDIFBAA_11AA
8cb8986f-71ed-42a7-bf33-ca49154cda69,BMIDIFBAA_11AB
8b7f7ed3-367d-45a2-a9ca-de9010cf09a0,BMIDIFBAA_11AC
032ba363-8b66-4a22-86f7-0d6bc3b61b0e,BMIDIFBAA_11B
92e49a7f-92a8-47c9-8506-36f18d0e4c14,BMIDIFBAA_11C
c8361077-6d3c-410d-879a-d62c2e7e408c,BMIDIFBAA_11D
085eb9d8-271b-4206-b29f-178c86d3062e,BMIBAT007
2cfe5327-22a1-45be-a23e-cb21295cd8be,BMIPRICENG_006_REVIEW
5624d8dc-d45e-41b0-8414-44499981d473,BMIDIFBAA_11E
5cb3102c-4ad6-4a42-a2cc-86aca1f7f7e5,BMIDIFBAA_11F
e2d936b3-10b1-4f6d-873c-f826e8661ed5,BMIDIFBAA_11G
dd374385-a841-462a-b554-3edd1338e966,BMIDIFBAA_11H
dbafc3cd-15a6-44fa-9e28-9e44ff3737a8,BMIDIFBAA_11I
54093239-6e98-475d-aea8-14fcc45ab684,BMIDIFBAA_11J
bf1d4f1f-a1b9-4e19-8da5-cc981dbfac69,BMIDIFBAA_11K
ca13b9a1-b49d-4ac4-a14f-a2dc46c40f62,BMIDIFBAA_11L
81c25e2c-2278-4c07-9b77-5d56885edfee,BMIDIFBAA_11M
76670599-1851-4499-8682-a20889e27e09,BMIDIFBAA_11N
bd3a6bf9-6e79-4c55-a343-d868269a170d,BMIDIFBAA_11O
7bd636ff-ee06-4675-a8e3-e135f49183eb,BMIDIFBAA_11P
8b8e5dee-94da-416d-b04c-017364c86109,BMIDIFBAA_11Q
01ebf820-43b8-4b08-9b79-a812c5e40237,BMIDIFBAA_11R
6dc58fe3-cc11-4877-b8b3-619f1ddef753,BMIMHP003
48b22664-41c9-466c-b805-dee55d8107bd,BMIDIFBAA_11S
8a722735-2de5-4bdd-ae97-af6ecc1c4767,BMIDIFBAA_11T
ce5d59ba-fadc-4294-8d6e-51e29d0b0185,BMIDIFBAA_11U
63d3fa3f-a7dd-4bd5-960c-2b3f29f560a3,BMIDIFBAA_11V
aa9d12b9-c24f-4e18-971f-0e2bbcc59d92,BMIDIFBAA_11W
519e9d3a-48bc-4869-a411-d214ea14eabe,BMIDIFBAA_11X
5c27d73a-b42c-4f06-952b-74e6eaa218b0,BMIDIFBAA_1A
9854aa76-4ef8-42b1-94a9-155dc8a03829,BMIDIFBAA_1Y
23486ce9-7461-4429-874d-708bb1af2a13,BMIDIFBAA_1Z
da92d0d3-5e9b-4f2f-8c6e-1e7bad6d45fe,BMIDIFBAA_1AA
853f0af7-6d45-4a11-86ac-c52fe5a741d0,BMIRE007
3e19e590-d94e-4224-9d5e-a2baecaba6c5,BMIDIFBAA_1AB
627c9037-0add-463a-a37a-63b12444985f,BMIDIFBAA_1AC
56c630ea-ee98-4338-9a1c-32fd18e20104,BMIDIFBAA_1B
31c737d7-cf4b-403a-aecc-8b3bf24ad583,BMIDIFBAA_1C
f1f66a93-1cdd-4b36-9859-3b4496e15b02,BMIDIFBAA_1D
926e8608-0a83-46fa-9137-bdc8e9ae51c1,BMIDIFBAA_1E
60f14793-943c-4522-a3dd-d72c27a4e652,BMIDIFBAA_1F
9704fb43-3249-4dcf-83c9-1a71333565ec,BMIDIFBAA_1G
ec194e0f-2e12-4458-b4c1-bb4d9972ca96,BMIDIFBAA_1H
2e580827-b585-493d-9a6a-9d62a0416f89,BMIDIFBAA_1I
c9837f40-657c-4e15-bd42-ef61b01986c1,BMIDIFBAA_1J
d5b1368a-1d88-4ab7-a6cc-48cf355cf3a9,BMIDIFBAA_1K
4f7f981f-eaf6-4cc5-8832-b8911c5fdd28,BMIDIFBAA_1L
294e0d6e-92fe-4817-af78-a06f358ceb0b,BMIRE003
5d672c4b-31df-4f39-93f8-154f21198934,BMIDIFBAA_1M
342dbeaa-a909-437a-989e-3e978b5cb349,BMIDIFBAA_1N
670984b0-1152-428d-913e-7f48557bc516,BMIDIFBAA_1O
fa0ac061-5700-4f65-ba42-008ad056fe9a,BMIDIFBAA_1P
7f126ed9-f882-4009-87dd-aec45abc98f8,BMIDIFBAA_1Q
eef098b6-f40c-47fe-95f3-fd6712803077,BMIDIFBAA_1R
d3c7ad1c-eb2d-4b93-8b33-02308d5f0d0a,BMIDIFBAA_1S
f0ebb88a-56c6-4ffd-adf8-54551beb8792,BMIDIFBAA_1T
2ddb8ef8-ab78-4e3e-9e56-e4cfa064ee9c,BMIDIFBAA_1U
66ddb48f-1e9a-4335-9f52-b4ff6bfc4278,BMIDIFBAA_1V
7c9a2e8b-1907-4eab-89ff-f5ef96265375,BMIDIFBAA_1W
b7a01b1f-c8c7-4c2c-bfa6-345b35df5afa,BMIDIFBAA_1X
2b6aa713-6ea0-4678-9818-5ad6df50771f,BMIDIFBAA_2A
7300131c-4e2d-4031-864e-a087384aa4f1,BMIDIFBAA_2Y
fd8dc1df-ab27-4850-8e96-f454c1e0ac0d,BMIPRICELI_013_REVIEW
233e5847-eade-46d4-9e72-d6ea2eeb84ca,BMIDIFBAA_2Z
f4d95614-a51b-48f3-bfaa-c0f92f423d8b,BMISC001A
cda05883-cc90-4e1f-8b91-d1e6c0c4c55f,BMIDIFBAA_2AA
9b66d440-aa61-46b2-92aa-b23fcd6248bd,BMIDIFBAA_2AB
388d60e3-3b22-4f12-b6f7-5326afe5bcb3,BMIDIFBAA_2AC
bdcd5f05-dbd0-4225-b238-ab46a72fd4cd,BMIDIFBAA_2B
43b3497f-0f87-476b-a0e2-3108f7fe236b,BMIDIFBAA_2C
77ad990f-60bd-406a-b825-aeb1da3673d9,BMIDIFBAA_2D
c34a4530-9821-4ada-9e84-efd77aa28e8a,BMIDIFBAA_2E
db0d88b8-b25d-4fca-b1cd-9d2bb5953fec,BMILC003
2a6af562-893f-4ea1-8cec-db2af8928b8c,BMIDIFBAA_2F
36a917c7-d2e0-4e85-8856-f126c6b17249,BMIDIFBAA_2G
581a6dc3-6716-4bff-a3b7-d9dbba7f21b8,BMIDIFBAA_2H
d76d93dc-baaf-40ac-87cb-0211f737202e,BMIDIFBAA_2I
6200f391-37ba-4d86-95cc-e54786ea4c8b,BMIDIFBAA_2J
faa7d000-dd99-4e78-af8f-590121aebf7c,BMIDIFBAA_2K
be15e3c5-5d80-4f0f-a8c8-b230e247340c,BMIDIFBAA_2L
158228d0-eb8f-4b14-afb9-324b8d94733c,BMIDIFBAA_2M
92bf63de-374f-4403-8bdd-bb9d0f32d7e8,BMIDIFBAA_2N
2ae4e6e7-4ef2-41b2-95b7-9a94e6cf7f40,BMIDIFBAA_2O
4d5fe3ed-c896-4506-95cd-8a00e750e00d,BMIDIFBAA_2P
0d93930c-83b1-496e-9b7a-5ceaab953fcb,BMIDIFBAA_2Q
d564ef24-f55f-4cd6-8f33-4d13a23197d8,BMIAN001
21a336ff-55ef-4701-9165-2b1b2736faa1,BMIDIFBAA_2R
4712447c-8751-4a5d-9ae1-db47f989c8f0,BMIDIFBAA_2S
351d81ca-9db7-4377-b87d-c9874b400084,BMIDIFBAA_2T
d2608092-8281-40c1-9c96-6c2f89ddc501,BMIDIFBAA_2U
34eb6524-f95a-47b1-9c78-27b692a4b338,BMIDIFBAA_2V
7a517622-70e4-449d-adc9-7114acce383a,BMIDIFBAA_2W
46fa8835-106d-49f3-8044-6a2716bdbc65,BMIDIFBAA_2X
4a64f8e2-57b2-4d31-87f9-8792be326c5c,BMIDIFBAA_3A
9adba9bc-86cb-4f14-b2f7-e67208d5d0aa,BMIDIFBAA_3Y
5854ec18-732e-47bc-a9e6-ede80408e46c,BMIDIFBAA_3Z
a884f18a-5cd1-497e-a66e-e6d70cfd1a31,BMIDIFBAA_3AA
8ff7f025-df5c-4fdc-9a08-80b8e1116282,BMIDIFBAA_3AB
3146b17c-00d3-4423-a528-e90b2cfaff83,BMIDIFBAA_3AC
35e85897-4286-45d9-9bb0-6b7cff9dcb15,BMIDIFBAA_3B
d3928b11-22f8-4e81-a692-ad7d78cd04cc,BMIDIFBAA_3C
de63919a-8644-4a9d-aa12-3c43300282c2,BMIDIFBAA_3D
cc35c873-ba04-4a09-8c13-a4a54d879828,BMIDIFBAA_3E
c9c80b1b-588e-4149-abc9-df7015cb2919,BMIDIFBAA_3F
144950fe-4341-4a7e-b0df-9dec8c8652b9,BMIDIFBAA_3G
38f9549a-cdf7-413e-a648-77315d836c19,BMIDIFBAA_3H
389851f0-7a2b-4d83-bea9-40a3fe83e42e,BMICH001
13f5e865-1aff-41b2-ab7d-d70feb3b269c,BMICS001
bf14bce1-5e67-49f9-8890-0bb78b164f5b,BMIBAT006
90d9430e-4d6a-413a-bb73-ec6119ffb8f6,BMIDIFBAA_3I
ffa3284c-6c8f-4924-b2bb-3b874f5d0733,BMIDIFBAA_3J
8006a1b9-17d4-4fc3-bb8d-63ebf2e36991,BMIBAT024
e9360302-7856-48b6-97c7-8bcc650f0788,BMIDIFBAA_3K
d7ea6087-a6ee-4ad6-842e-daa175874998,BMIDIFBAA_3L
8f682235-3d8b-4186-8ce6-2671f01fef39,BMIDIFBAA_3M
85a9270f-3723-465c-9d12-5113b55bb36d,BMIDIFBAA_3N
ca674a7b-f6fc-48c5-8226-75624999b4cd,BMIBAT056
47c2f671-d0d3-4138-afb4-e51b28699000,BMIDIFBAA_3O
a883063d-3a23-43fe-bbc8-1155e6a83da8,BMIBAT049
d85b5214-b502-43e6-bd44-aca3ec6c7751,BMING002
dbbfdefb-0994-45f1-b83d-eec0aea1b949,BMIDIFBAA_3P
775cc2ea-9b47-4fc1-98e9-9dbb9774cb60,BMIDIFBAA_3Q
a4b7a9a8-c3e5-44d6-99e9-d08e2aabda44,BMIDIFBAA_3R
6f4f850a-ddca-464a-9887-ed6ad52edca1,BMIDIFBAA_3S
c2c158ae-daef-4d07-bd18-5136ef9d0958,BMIDIFBAA_3U
dc38fe71-7105-4aac-b17f-79866226e690,BMIDIFBAA_3V
7358b6f3-2737-496b-a4e5-1041339bdbba,BMIDIFBAA_3W
8aeff57e-987b-4bea-bb2b-6e7699270da7,BMIDIFBAA_3X
4c166a4d-cecf-4112-89da-4210cede4217,BMIDIFBAA_4A
97c4dfbd-53ec-46ff-b3d9-ca0475294fb4,BMIDIFBAA_4Y
fbd1769b-2fac-4f68-87db-efc7a07f3d57,BMIDIFBAA_4Z
e233f870-be0b-44a6-ad40-958768a789fe,BMIDIFBAA_4AA
6f6f5b39-4aa8-4ecd-887b-1c0426b9808b,BMIDIFBAA_4AB
afd5f12f-8b03-4ca8-94c0-c8627aa3fa2d,BMIDIFBAA_4AC
45a496a6-9bc2-491c-a997-b901e9eb2fdc,BMIDIFBAA_4B
b6bbc330-bb7e-4589-9237-5f0d25efdd83,BMIDIFBAA_4C
7f992ad2-97d5-4c32-a03e-4effc03b8eba,BMIDIFBAA_4D
198083c7-18d5-4ce7-94ee-35601b6eda2f,BMIDIFBAA_4E
2c899b2a-62e4-4b05-a2a5-0658db6dbbaa,BMIDIFBAA_4F
43633d3b-9ca9-4217-bfda-87dc70d58450,BMIDIFBAA_4G
4337957f-6d84-4c16-91dd-206f610dd649,BMIDIFBAA_4H
39906b14-d5b5-41f5-9f87-7fb3991dd13e,BMIDIFBAA_4I
04ac2546-692a-4dcf-9b77-0ef0035b6af5,BMIDIFBAA_4J
158b1e21-cce2-4deb-8f21-b35254e1b572,BMIDIFBAA_4K
241662ca-58ed-4a81-b88d-5dbd8f5a072a,BMIDIFBAA_4L
ba4cb39b-2359-481a-a2c2-41e2c115a2ee,BMIDIFBAA_4M
16c2b8f1-bae9-40bc-ab2b-4ac222bff124,BMIDIFBAA_4N
1c277883-736a-44c6-9ad5-aabd9c4692bf,BMIDIFBAA_4O
a4fa48a3-8aa6-4320-9e45-649db2ed3aaa,BMIDIFBAA_4P
b2ed2890-cfe1-44d0-a1c9-d1e19dee3b20,BMIDIFBAA_4Q
edd91ffd-f22a-4b5f-abd3-6235741f0c8e,BMIDIFBAA_4R
dc4056d3-deb7-4047-84d0-75211a93c881,BMIDIFBAA_4S
2ba36d48-3c92-4fcc-bbb8-dc598e2356c3,BMIDIFBAA_4T
c4635f88-956a-4840-a70f-c97f4c1fdf5b,BMIDIFBAA_4U
c7899d3c-a676-4669-a03d-69c975989594,BMIDIFBAA_4V
a093b94e-e19a-4937-a64c-c6798877bfd9,BMIDIFBAA_4W
d6892626-25f2-46d5-8f2d-5fc630aff37c,BMIDIFBAA_4X
ef1f9997-4b4f-43ad-b9bc-2922c7270933,BMIDIFBAA_5A
a99ed681-b4b2-4c7c-a153-6d720030fa5d,BMIDIFBAA_5Y
45b92cbe-556e-4e0f-b702-f118b04f503d,BMIDIFBAA_5Z
e4621a57-a525-4308-a8b7-2b86c7e65c61,BMIDIFBAA_5AA
585f372f-3e8a-4013-b920-b1e260d18ad2,BMIDIFBAA_5AB
7cab5157-12c7-44f2-bfa5-29806a2b3ed4,BMIDIFBAA_5AC
eaf96c6b-feeb-4d43-bac8-7c777587dae2,BMIDIFBAA_5B
8b13c7f2-931b-4c6f-a43d-df388c8fc1e7,BMIDIFBAA_5C
73f09d8e-882e-4c16-a207-fe802754c725,BMIDIFBAA_5D
8f395f27-1743-478d-b36e-6021d15b8f38,BMIDIFBAA_5E
b028fda3-42ae-4dcb-b4a7-74c6541ebf1a,BMIDIFBAA_5F
91cdc8df-dc9c-4628-9f09-5262bc97aa30,BMIDIFBAA_5G
98eb0a20-48c2-45a4-8e0a-6320d1c31f1f,BMIDIFBAA_5H
dfb5907e-4f1a-442f-8817-8f204a097fea,BMIDIFBAA_5I
3ad722fa-0db7-4376-8e2e-c5c141cafc16,BMIDIFBAA_5J
759bbc7d-ea08-402d-bbaf-3179e74c8b51,BMIDIFBAA_5K
3d4fe742-e6c0-4b1f-9bc3-bdbf780124fd,BMIDIFBAA_5L
aa3b52f7-9fbe-4734-97e1-f7b2e0651c15,BMIDIFBAA_5M
f3733a06-9550-42f5-914b-defb5e9c0455,BMIDIFBAA_5N
b96ba43e-a30e-4282-8a73-5bd071867857,BMIDIFBAA_5O
c86d0b65-a425-491d-a1b2-2966fcdd4ec9,BMIDIFBAA_5P
0c912d79-ca40-4f5b-b4f1-b85efb4a94bb,BMIDIFBAA_5Q
737f2d00-ff85-4ded-bdd5-0283429d95f0,BMIDIFBAA_5R
091a884e-6e86-4699-8b44-9f8ce3137f49,BMIDIFBAA_5S
f83e87f1-a35e-4abb-afeb-2aec7403f026,BMIDIFBAA_5T
698b7949-212c-4472-8a2b-69ee2807ff04,BMIDIFBAA_5U
b3be7d70-9bf2-4b57-b3c2-964afa4b8471,BMIDIFBAA_5V
49b0680d-c4ac-4ba6-a2d3-0aedbc28f068,BMIDIFBAA_5W
5c4be2f7-2644-417b-aefe-df13ead62d39,BMIDIFBAA_5X
364cd86c-ddd9-40e9-a9fc-4b4ed93c9a25,BMIDIFBAA_12A
b2ac89cf-ecad-4fce-8088-27def13d8cb6,BMIDIFBAA_12Y
5550450d-9891-4e3a-98fc-1ed40c620bf8,BMIDIFBAA_12Z
0d0abcc8-26de-46d2-9a21-7e3502608e5a,BMIDIFBAA_12AA
160700b6-0cd2-4616-b505-6694260bd781,BMIDIFBAA_12AB
02c28244-5009-4341-82c3-ed935a1c973e,BMIDIFBAA_12AC
c454889d-4a28-4b96-bcd3-15481add3a33,BMIDIFBAA_12B
7964151d-35e0-4626-b6b1-d2dde48a4868,BMIDIFBAA_12C
e225fdab-accc-4406-b749-583a974e7966,BMIDIFBAA_12D
a38e63e2-1430-4584-add2-eeff9be3528b,BMIDIFBAA_12E
dd78d580-1797-44e9-a717-d957161d9295,BMIDIFBAA_12F
fc7391de-d238-4dbc-a801-d67fabb52430,BMIDIFBAA_12G
3bb50998-4881-4a56-a99d-312c1c327256,BMIDIFBAA_12H
a41bb400-d013-4c81-8971-5c5ea7dde075,BMIDIFBAA_12I
6e3f4635-3350-466c-857d-e160923441d0,BMIDIFBAA_12J
61b309fe-fe4f-4d33-adfb-a2776ed07df4,BMIDIFBAA_12K
d4714fe9-6301-40de-914b-f55f39364bf2,BMIDIFBAA_12L
035862d8-1a6a-4df9-bba6-e219eec324d7,BMIDIFBAA_12M
e8709e1d-ab7c-4469-951a-da4116d0a0c4,BMIDIFBAA_12N
b3076ff9-7564-486d-801f-c2137c25dc71,BMIDIFBAA_12O
d1ba2aaf-37b2-4366-a681-2aea8b753c37,BMIDIFBAA_12P
63aa979c-e8b5-468d-9293-10e31547adf8,BMIDIFBAA_12Q
f6cff87d-785c-48d2-b57b-23c61a7381de,BMIDIFBAA_12R
8fc04e05-6328-4c12-aa47-cba713e2a1bd,BMIDIFBAA_12S
f0281025-7a5b-4559-9db5-5bbaf1ff1441,BMIDIFBAA_12T
df64d0c1-e9c0-429f-894c-b65d84a2b6c7,BMIDIFBAA_12U
e459d331-655f-403d-9af3-8c43078b8cb8,BMIDIFBAA_12V
a3e03550-1e17-4cb2-b945-6192dbed6df7,BMIDIFBAA_12W
82134aa5-f81c-4d75-9756-25fe3982ce66,BMIDIFBAA_12X
a862e4ee-21ee-40bf-9ae9-084a8a703ace,BMIDIFBAA_6A
437ee1cd-9317-4efc-a55d-a79b46d2ab38,BMIDIFBAA_6Y
423bcf55-745f-442c-9365-6dbf8fd10d39,BMIDIFBAA_6Z
96e9bafd-fe65-4062-b21e-7056223ed9d6,BMIDIFBAA_6AA
e084d044-b7c5-4524-b208-a9ca492f54af,BMIDIFBAA_6AB
9491b084-ba08-42d5-8ac4-ea7a6eb5bb0a,BMIDIFBAA_6AC
ef809656-f799-41c7-b2d6-f07b74686326,BMIDIFBAA_6B
78d23f76-e215-47c4-8b65-7ba7214ca1fa,BMIDIFBAA_6C
b9c2883a-eb4c-4b89-bf64-ebdc4024fcc7,BMIDIFBAA_6D
47a82769-617b-4bb4-a019-d70dd8942bd8,BMIDIFBAA_6E
56484511-80a1-46c0-893a-c20f49b5d6ce,BMIDIFBAA_6F
d9a78046-f5f0-4a9f-a2f9-0e9f96adef2e,BMIDIFBAA_6G
589c45ba-d47f-4cc2-91f3-0657140009e5,BMIDIFBAA_6H
2a71d763-4d57-4281-b8f3-f2043d1e8a99,BMIDIFBAA_6I
44a5117d-65a8-4c62-b333-8e22190a74c8,BMIDIFBAA_6J
2b268622-d04b-4a64-a07d-58ccb46b4f19,BMIDIFBAA_6K
da9dd631-b1d1-4d0c-a064-bcef26130044,BMIDIFBAA_6L
e8a240f0-a784-4b1f-b924-dd34bfd5a613,BMIDIFBAA_6M
b756c21c-62e6-4217-a1a8-a17043f92d59,BMIDIFBAA_6N
6fe0736a-f1b2-4a34-addf-6275eee376dc,BMIDIFBAA_6O
afbd3b9d-defc-4dc2-ab76-3e1313715a28,BMIDIFBAA_6P
cce8595b-7c56-4878-9888-d9421f1f19ee,BMIDIFBAA_6Q
a69bcaaf-b138-438d-8c0c-4d4e6b5d4f0e,BMIDIFBAA_6R
ee2b4c6c-43b7-40a6-8fa2-a12dfc40d512,BMIDIFBAA_6S
3283da40-14a9-49b4-98ea-f9093cfdf550,BMIDIFBAA_6T
769a8476-6463-480e-a2f9-2460879f7fd0,BMIDIFBAA_6U
0c755f10-c472-422f-8d9f-2b810e9945d9,BMIDIFBAA_6V
bbba929b-7694-4031-aca5-65bf3898a456,BMIDIFBAA_6W
76a3d5cb-9099-4849-b610-51008c2c87c3,BMIDIFBAA_6X
816d508e-f5ec-4a37-ae8d-170c899abb0f,BMIDIFBAA_7A
91dd1213-3c54-43db-8fb0-1597b0768a41,BMIDIFBAA_7Y
5ed04e5c-f829-494a-9f98-75151ba4395f,BMIDIFBAA_7Z
bef29243-cd37-4025-9ce2-165c6cf75997,BMIDIFBAA_7AA
3a27045c-ae3d-4817-af90-20aa931bde90,BMIDIFBAA_7AB
f4cd8b4f-a577-4db1-b746-83f2960fe071,BMIDIFBAA_7AC
8e212095-883e-4189-ac8e-9757f6f4bc7a,BMIDIFBAA_7B
a0c1c517-fcbd-45f2-a8fa-32ff04e6eb8b,BMIDIFBAA_7C
b90f2438-5c00-4056-92f0-a530bfb0ba56,BMIDIFBAA_7D
d1112466-532e-4aaf-80cd-14c37810c617,BMIDIFBAA_7E
2da849d4-bf72-4f51-b3f4-3f7b795101f0,BMIDIFBAA_7F
fde2cd70-2efc-4a99-aa47-15c8708d586d,BMIDIFBAA_7G
808d0008-9bc1-40ce-82eb-f97e26fe2ccb,BMIDIFBAA_7H
2327efb5-f298-4c9e-ab43-742011256a4b,BMIDIFBAA_7I
65606413-e941-4785-ae93-d49186527e5d,BMIDIFBAA_7J
ffbec6e8-68f1-45d4-a319-23b988928361,BMIDIFBAA_7K
ceb52c43-095f-41f6-92a2-25c2c291a411,BMIDIFBAA_7L
61489b75-2a6a-4db7-8fcf-5afd6bc8e3f5,BMIDIFBAA_7M
6927e1bd-ae0b-4b46-9282-f2b7fcae0f76,BMIDIFBAA_7N
eff62bd0-6749-47ab-8de6-0971ada0a9dc,BMIDIFBAA_7O
57405de4-7f48-4104-baff-20bcd16408b5,BMIDIFBAA_7P
7abe2f9f-3ec7-4b08-ad82-e74ad1be9cfc,BMIDIFBAA_7Q
2d5f90b6-8fd8-431e-9ae4-c84decd0ed37,BMIDIFBAA_7R
5dbbaa03-43c1-4e0e-a3cc-5641702f5013,BMIDIFBAA_7S
6a4d6d37-429a-4b24-a709-19bd76eee09f,BMIDIFBAA_7T
f0b26336-ad4c-4e43-94f7-84693cd53441,BMIDIFBAA_7U
f8fd6c55-69ed-44f0-b8de-55a007363cd9,BMIDIFBAA_7V
56125e28-f935-485e-9aed-6d1f387a2ca4,BMIDIFBAA_7W
8cad0602-325c-4a7d-b4de-401c12548565,BMIDIFBAA_7X
8f7e128d-fdb4-47f5-bbbe-8c67dda945c5,BMIDIFBAA_8A
8e063b52-74a6-4e29-8578-6c1f09fd65af,BMIDIFBAA_8Y
ec75c804-aaae-4211-b63f-0f0694a0a326,BMIDIFBAA_8Z
b5c787a9-5da9-4b09-9d38-067a78f84cc6,BMIDIFBAA_8AA
5e373bfe-473a-4076-ad0c-a2089d5e8134,BMIDIFBAA_8AB
fdfbd278-6d53-475b-9ce4-01c8459c8093,BMIDIFBAA_8AC
78facaa4-df85-4d28-b51a-2b95d8f11ee9,BMIDIFBAA_8B
9e29cefb-bb90-404b-8722-81cd2c35f2e6,BMIDIFBAA_8C
5606c523-a461-4d90-9741-3474b912ad35,BMIDIFBAA_8D
bff37903-476b-4728-9deb-59245c912f04,BMIDIFBAA_8E
5255579b-2993-4bbf-b5ff-537e1e2576d9,BMIDIFBAA_8F
cdb5bbea-01b1-4edc-967d-a23ee1a77f71,BMIDIFBAA_8G
c573844d-ae07-46b7-8eb6-0d4fe1605459,BMIDIFBAA_8H
3708fbde-f20a-420b-9baf-531ce169fdd8,BMIDIFBAA_8I
63e08382-6d53-4391-83cb-c7ce9c348639,BMIDIFBAA_8J
d09ef5ec-3f3d-4b88-bae1-ec17c9980a08,BMIDIFBAA_8K
36412224-cb37-47e4-8ceb-69f12a1afe86,BMIDIFBAA_8L
2760b1f9-3403-4a71-a3b3-e4ed911692dd,BMIDIFBAA_8M
a39b8a01-f340-40f4-be63-3fa0f62f3a77,BMIDIFBAA_8N
bd62e60e-f44d-4d92-8318-a0d281a6db6f,BMIDIFBAA_8O
0847128c-362f-432a-a93f-70dab9684d4c,BMIDIFBAA_8P
5cd257d7-44f2-4dd4-bec1-8d2246b533f4,BMIDIFBAA_8Q
784a7d5b-75d8-4cab-ab9c-7d473502a236,BMIDIFBAA_8R
1ba3b09e-d0a7-42f0-b271-6b65232f0261,BMIDIFBAA_8S
b2a7a79e-72cb-4c3e-be67-168a9a41f335,BMIDIFBAA_8T
80b21ef3-9028-4d2e-b770-6b59a90729f6,BMIDIFBAA_8U
5fde863e-aa01-43b5-9748-023b9cd2849b,BMIDIFBAA_8X
8a4adf77-150d-4f5f-b55d-212d193fd835,BMIDIFBAA_9A
e2bdc1c8-103e-4923-99b4-3727c26dd185,BMIDIFBAA_9Y
8fee01c8-6afe-4cac-8a99-55c3cd911d3b,BMIDIFBAA_9Z
b6424068-3e64-4f4f-82e4-f267e2347943,BMIDIFBAA_9AA
b85c63d3-cb4f-467e-8f10-68b73570ea7c,BMIDIFBAA_9AB
7c94d708-089f-4aea-a64d-e738090fd39d,BMIDIFBAA_9AC
6fb7c522-eca8-4bc0-bc70-23e0c816db0e,BMIDIFBAA_9B
297d05ff-f2f8-4c63-aec0-523a9f0d6937,BMIDIFBAA_9C
bd6671f6-6643-446c-9864-ba0c60c16e81,BMIDIFBAA_9D
073e4414-3ba0-40d3-92a8-13ea39cd570c,BMIDIFBAA_9E
db534c1d-68cf-4559-bf07-626813f60555,BMIDIFBAA_9F
dcfbbb4a-6809-4ab6-a4bf-cd7a41416fc7,BMIDIFBAA_9G
aea76bc9-59b6-455f-803c-252e93eee286,BMIDIFBAA_9H
f48efd57-0d7e-43f8-8a20-17b4adccacbc,BMIDIFBAA_9I
8e248c8e-a861-4db6-b916-193a81b9aa6d,BMIDIFBAA_9J
1e47d46b-081f-49b4-a25c-cdfd1a3c328a,BMIDIFBAA_9K
200c9f6e-ab7d-4ae5-929e-fde45d8c80b1,BMIDIFBAA_9L
fb523bb7-c067-4730-9791-5c0d71b232c7,BMIDIFBAA_9M
2e0a6ba7-4b6d-461c-ac71-30705401f87e,BMIDIFBAA_9N
f680dd9e-27cb-411c-a860-5586e7743bb8,BMIDIFBAA_9O
fff8664d-b2db-4c5b-8a5c-09de3f2cd4f6,BMIDIFBAA_9P
7025546c-9037-4b17-ab53-afff5e59c08a,BMIDIFBAA_9Q
93220489-e204-43bc-a7d8-b025fbcba232,BMIDIFBAA_9R
7de0016f-cf3e-4664-b542-9fa34c98a94f,BMIDIFBAA_9S
31020542-10fd-4e81-8951-1248b6155265,BMIDIFBAA_9T
91f4dada-ccfa-4eb8-8522-5de938f799c0,BMIDIFBAA_9U
66285032-648f-4fa2-9572-3805ebd767b1,BMIDIFLCHL_1A
2040779c-13b5-46af-9905-4a7eb4aafc51,BMIDIFBAA_9V
9f90bb2e-58ba-45eb-a6ae-66b48eaa24c2,BMIDIFBAA_9W
5d4677ee-3d85-44b1-97d9-e8889eee4220,BMIDIFBAA_9X
f61f73c3-1003-4a45-9792-7f87a1f59f52,BMIDIFBAA_13A
c27d0e28-ef25-4df3-893c-1ca2484b5bd2,BMIDIFBAA_13Y
1e3e8582-9cc3-4538-96ea-3447d9e09df5,BMIDIFBAA_13Z
7f2b149a-336c-4a5f-9400-b8057e58448e,BMIDIFBAA_13AA
4ad6170f-c265-4ce7-8680-73fd83b54cdd,BMIDIFBAA_13AB
72b6aff1-931c-44c5-870f-09b13eb7295e,BMIDIFBAA_13AC
79c0cd7b-0b80-4e71-b299-c9d6db8e2332,BMIDIFBAA_13B
e75cc1a4-6b9a-48cc-8e9d-db284a28435c,BMIDIFBAA_13C
fb17fa9b-aee3-4fcd-879d-ba5bd23091f2,BMIDIFBAA_13D
e4b08d9e-e67a-4edc-8788-f877ebf2f3bc,BMIDIFBAA_13E
e75da3c0-56ed-46a6-a382-25a08b07401a,BMIDIFLCHL_1B
97588023-840e-4eeb-af81-df5741bbf550,BMIDIFBAA_13F
0435da6e-e39d-46ec-bc3b-fa4432ef2688,BMIDIFBAA_13G
125833a8-7c11-4ab8-bccd-eb85af496462,BMIDIFBAA_13H
627689de-f26a-4bb4-a070-c117b1f7cf96,BMIDIFBAA_13I
959c198f-549b-49d1-a14c-21e832c48c2e,BMIDIFBAA_13J
590a3285-f0a7-4db5-b365-d8944113ecba,BMIDIFBAA_13K
597f3e51-af14-479a-bdbf-5d5c4064d5b8,BMIDIFBAA_13L
65566c12-d4c8-45e8-82f1-dcb3ee4b5002,BMIDIFBAA_13M
99403966-1370-4625-9a9b-9df5a478a993,BMIDIFBAA_13N
29cbc6b7-0d61-463c-992b-7617eb943fa4,BMIDIFBAA_13O
647fedd1-ee29-4618-ad56-043819dca287,BMIDIFBAA_13P
94623631-4e38-4649-9d97-8a16a6f81030,BMIDIFBAA_13Q
3f7aba17-373b-450b-9f10-e2140905fece,BMIDIFBAA_13R
e289764c-087c-41ea-8429-d49f9ce911cf,BMIDIFBAA_13S
988b20be-98ab-457c-83b3-3054db4e1716,BMIDIFBAA_13T
ff3fe189-f9db-4bea-9500-9b7aa3c051dd,BMIDIFBAA_13U
1eb5c042-f737-4c7f-a2b7-36c511374cd8,BMIDIFBAA_13V
e750be27-0dd6-46b5-a5eb-f26f8452af7d,BMIDIFBAA_13W
795c26e0-19d3-47c4-850c-574484abaaad,BMIDIFBAA_13X
b281e400-b043-494e-8493-a4dee6b04687,BMIGIBAA_13
db09115a-fd5c-43e1-8336-3dd8efc605dc,BMIGIBAA_1
7a51db3f-9592-4e21-8c28-f045c0c6f9fa,BMIGIBAA_10
f3b04589-02d3-4714-a7bd-075cefc642e7,BMIGIBAA_11
6a8c5ee5-a8eb-45ee-8937-821deb35128f,BMIGIBAA_2
48198854-3030-4056-8ca5-214e99fb292a,BMIGIBAA_3
18bde1e2-e31c-47c3-be13-2f6ee0496627,BMIGIBAA_4
964809c2-9a1f-466a-b23a-3f24ebd113d3,BMIGIBAA_5
6d20b447-f529-4d19-8a8d-a0f504bb1455,BMIGIBAA_12
37275a25-c53d-40ca-9a3e-a2b199fb0842,BMIGIBAA_6
42dfa273-d38b-4850-90aa-2950b0094261,BMIGIBAA_7
32a5cba3-97c9-47c6-8272-6ff864a375ea,BMIGIBAA_8
ce940495-6bdc-4cc1-bf62-d81e59432ab8,BMIGIBAA_9
fa0ebd96-58be-4cbf-aec8-fac427a2ccb6,BMIDIFCA_1A
20b2dbab-e8b1-46ef-a72c-4410db3c8f5d,BMIDIFCA_1Y
065e2092-27bc-4b1b-a3f3-4dd27e8ffad4,BMIDIFCA_1Z
737d1101-5482-4af6-a158-dfeff10c3cf9,BMIDIFCA_1AA
b5a8511d-3ac2-4e79-ba37-b4d6a4ed89a2,BMIDIFCA_1AB
048f9a93-9aba-4311-9075-812401b72532,BMIDIFCA_1AC
4cef3ed6-a857-4bbd-a768-e0ed536a2cfb,BMIDIFCA_1B
b93ee924-9bb2-478b-8565-8de0d61c6930,BMIDIFCA_1C
a252bf17-3c09-4296-8cfd-01492ee59c93,BMIDIFCA_1D
19f9280c-902c-4bbf-867a-1a80020dcd6a,BMIDIFCA_1E
475b35b8-ac2f-4907-9e61-3244bff4e1d5,BMIDIFCA_1F
c2cd7025-78f4-4c2b-aa0d-dfadaac82283,BMIDIFCA_1G
03109533-e95a-45e8-b282-4c71c028c737,BMIDIFCA_1H
63bfff0f-5e36-4e7a-8b79-d6680b728783,BMIDIFCA_1I
80d7b008-d95c-42d7-b453-5bfc5cf106ca,BMIDIFCA_1J
d3eb5831-71cb-4cdc-94e0-cd0652601c41,BMIDIFCA_1K
fc82bc47-134f-44bf-b508-5c62a77e32a3,BMIDIFCA_1L
ceb9a762-7490-45e4-b0b5-7b730c37ebbd,BMIDIFCA_1M
df053ea7-33f1-408c-8c7b-1e85379a158e,BMIDIFCA_1N
9318362f-5504-4140-8fba-9e608ab266a7,BMIDIFCA_1O
453e8c64-1aa4-4b7b-95f7-c066d53598db,BMIDIFCA_1P
fbc5add1-0b49-4668-8f90-01e51d0e7c29,BMIDIFCA_1Q
c9b66b80-c195-445f-ae75-f2c4ae8f5c14,BMIDIFCA_1R
9a3dcc29-465b-4b44-95f9-7e9ab7558dcb,BMIDIFCA_1S
dc6bd5b7-d2ec-4323-910d-b50211afbfa1,BMIDIFCA_1T
875a1a54-0736-4e17-aaf7-8c7c32213dd7,BMIDIFCA_1U
7a577454-a77d-4ba5-9b2c-c6ffd8531a80,BMIDIFCA_1V
265bde16-a983-401e-b804-d082be30cb9f,BMIDIFCA_1W
ac0de9e5-ebd9-412c-8a8f-2adfd16b541a,BMIDIFCA_1X
8c0b7c73-ae80-4ade-b54b-ead31ab4108d,BMIDIFCA_2A
d4e9b439-7915-4c7f-8b54-125e94e48649,BMIDIFCA_2Y
6114387f-61f1-46c5-b8eb-252a10497863,BMIDIFCA_2Z
6ecac54b-1b78-45e6-a0bd-f795eaf2ae96,BMIDIFCA_2AA
e0a6fdfa-325c-402c-a46f-379de25bdc88,BMIDIFCA_2AB
efddf31e-577d-44f1-b68d-9f1b10bf6d7a,BMIDIFCA_2AC
fd0f6185-62b4-4fdd-a699-55cc882e14d8,BMIDIFCA_2B
c2b132de-868b-47f7-8f9b-91d6c3febd9f,BMIDIFCA_2C
a77d1b56-2ee3-4deb-b95d-84390f0c3363,BMIDIFCA_2D
e074c490-4648-41a5-8e48-37b51a118480,BMIDIFCA_2E
0b63cb95-d3be-4f0d-aeed-e928b633492a,BMIDIFCA_2F
72ba22e6-ed36-4e61-9091-0a164d00542e,BMIDIFCA_2G
8b891b66-1855-4aab-b839-bd009fa6f6d7,BMIDIFCA_2H
5fb64e5b-e515-427b-a500-2551493a68be,BMIDIFCA_2I
5a4bb43e-45af-49a5-993c-5dd4b848b5d4,BMIDIFCA_2J
d68d87c1-e892-4f2a-8bec-0308239232ab,BMIDIFCA_2K
e84b7e51-b4bc-4107-bb31-a6d172b54147,BMIDIFCA_2L
15813a8f-3b89-484e-b739-cebbc936e287,BMIDIFCA_2M
58ba0dd9-fdda-461f-900d-63dcc84c3d1a,BMIDIFCA_2N
b4efc6dc-63a3-4429-bedb-9b0bf21a8509,BMIDIFCA_2O
5de4ecc5-4116-41e5-9193-dd3782f7d799,BMIDIFCA_2P
702e7066-0e29-48f1-b700-2c7d51f36522,BMIDIFCA_2Q
182021a3-2ba7-4f6c-aaff-3ed092bb3b5d,BMIDIFCA_2R
54d833b6-42ff-4011-9296-029574692611,BMIDIFCA_2S
ac12a732-a915-4a4d-9657-67239131b242,BMIDIFCA_2T
5f3d2841-330e-4be0-b3b6-f0a932890f6c,BMIDIFCA_2U
f188bf40-eb79-42b2-bd65-7b77cd47a4c2,BMIDIFCA_2X
dc1fbbf9-4b71-4fbf-bb7d-8447a070786a,BMIDIFCA_3A
19987687-fe43-417a-aec5-ac6ae7b4c472,BMIDIFCA_3Z
c8bcde49-3b7f-459a-97ed-51764b17e049,BMIDIFCA_3AA
84e523f4-886d-4432-859c-b92afd9ed64a,BMIDIFCA_3AB
62fa628b-16e7-49f8-8223-108336dab1ee,BMIDIFCA_3AC
bd0be0d0-0ce2-41f4-8265-9ec12c91a3f9,BMIDIFCA_3B
48da364d-064d-4dba-bbdb-125dfa2dd96d,BMIDIFCA_3C
be35396a-7990-4567-85b7-7548973f8bb5,BMIDIFCA_3D
e6500ec8-3a53-4305-b1c8-9c42f18311c1,BMIDIFCA_3E
24f9c51e-90a6-4eee-8d0b-604071e9f733,BMIDIFCA_3F
c5239b1a-efd2-4251-99c1-a89e1d190f21,BMIDIFCA_3G
6c65c87c-ddc3-4e9e-9a37-ede7c799e36a,BMIDIFCA_3H
1ccf7515-7331-487b-9234-5642bd6222c0,BMIDIFCA_3I
9d17f05d-fd6e-4b56-8955-d468016d29d4,BMIDIFCA_3J
c5fdf7c9-ffe4-461c-a222-1af6cbec5099,BMIDIFCA_3K
17a84d23-f572-432d-9760-13ee054c52b1,BMIDIFCA_3L
6dece727-a059-49fb-aabe-90de32969bce,BMIDIFCA_3M
617507b5-491a-4f7d-8a74-8b44ac0c5061,BMIDIFCA_3N
5a6099bf-1bb6-4a79-8e84-54751c55a732,BMIDIFCA_3O
10ed227a-832b-4ccc-8551-2801622c1839,BMIDIFCA_3P
d0c51d61-af59-41ad-b259-a08e00854a06,BMIDIFCA_3Q
6afafda6-5bca-4472-ab04-b6d6e755ed2f,BMIDIFCA_3R
82d33af1-a4b2-40f8-b8e2-8dd5d422482b,BMIDIFCA_3S
d8ee9395-8a28-4a3d-87c0-6ca89ebc2cc5,BMIDIFCA_3T
36e3437e-e301-40e1-a643-0dc720a6bc0a,BMIDIFCA_3U
e3200ac6-839b-453f-a765-d010a4853d6c,BMIDIFCA_3V
50d047c5-c360-44a7-a213-92046a4de61e,BMIDIFCA_3W
8b3a5c99-cbd9-4284-b945-54a19548be8b,BMIDIFCA_3X
c3c9d008-2eac-4978-bee5-e7a2062c5337,BMIDIFCA_3Y
be2673e6-7810-4d23-9b17-a8c1bbc993bf,BMIDIFCA_4A
a6df4377-ed2d-46c3-8cec-bc6cfe98567d,BMIDIFCA_4Y
d1667463-8ed1-41b5-8814-8cd3b040937d,BMIDIFCA_4Z
e35118ef-931c-490a-bd44-1fe74212a80b,BMIDIFCA_4AA
907d43be-c5c3-484c-a44f-39f531916825,BMIDIFCA_4AC
93e71d64-dba7-445e-8a40-55b0b86c0495,BMIDIFCA_4AD
034f4367-c2b0-488c-a74e-cba9f903eb07,BMIDIFCA_4B
93e93a63-e024-4b15-8cf0-e03912cb4231,BMIDIFCA_4C
a8bb7fc8-cc3b-4a25-ab33-032076cb3cb4,BMIDIFCA_4D
3546f311-aa49-4afd-8939-6d8ba3e67aad,BMIDIFCA_4E
04b68ce6-539c-4004-be3a-14a7a8ed341b,BMIDIFCA_4F
6390b805-2b13-456f-9ed2-7938d67e5f89,BMIDIFCA_4G
8535ab2f-47b1-4e82-8dbb-2a1aa10dbb01,BMIDIFCA_4H
5e65c48a-4af1-40fd-87e3-ca7440963860,BMIDIFCA_4I
6e4dc502-c14b-436c-91fc-aea7169e93c3,BMIDIFCA_4J
d0f2b8a4-4622-4747-b7b2-731aa784e971,BMIDIFCA_4K
5305c64f-f1c6-4a00-925b-c761617a3351,BMIDIFCA_4L
31870c14-3401-4f8d-bb51-cd73f517d6ce,BMIDIFCA_4M
1b281d3a-0e06-4773-a9f6-947ec7238cab,BMIDIFCA_4N
f1392a59-0537-45bd-a2d3-7aa7200aa7fb,BMIDIFCA_4O
e0499088-1ee2-4d45-b3e9-76f12217f10c,BMIDIFCA_4P
8cbbd636-8c21-4d41-9fa1-ea0e5838c0f2,BMIDIFCA_4Q
7181d6b9-3bd6-4fea-8397-484bcc13dd22,BMIDIFCA_4R
45d63a53-3cd6-4e65-a464-ef64016b3b6e,BMIDIFCA_4S
0b9a6eba-a5f9-4e94-9ef4-c794d43fe3fd,BMIDIFCA_4T
d25e84c0-79d1-4690-b8c0-16a44e9cdc2a,BMIDIFCA_4U
9ff5c93a-1c21-4ef0-88e6-e6f36841ed34,BMIDIFCA_4V
31040bd4-1b16-4744-9eb6-035f11ae71f6,BMIDIFCA_4W
218b0e9b-22c1-435c-8cc2-7853d89f4322,BMIDIFCA_4X
a259309b-2031-499e-a54d-e7613b66fbbd,BMIDIFCA_5A
901437e4-b423-4e76-8464-59c9a4f932f1,BMIDIFCA_5Y
da747980-7109-4eba-9de0-bcebd095a045,BMIDIFCA_5Z
d35d3698-6d5a-4b15-a2f2-427f03c424de,BMIDIFCA_5AA
e767f5aa-da3d-45d7-a192-cc837d5cd2b0,BMIDIFCA_5AB
caf741a2-f2f2-498c-9470-7238a8cdc457,BMIDIFCA_5AC
e606a80f-8f75-41fa-843a-9f50ef1a6dd2,BMIDIFCA_5B
5813b071-ed0a-446a-9b18-ca325c48e86f,BMIDIFCA_5C
0981d699-aaf7-4567-96f8-079a66409a38,BMIDIFCA_5D
a19ba63a-d312-434f-8d4f-8785da5dab0e,BMIDIFCA_5E
c6fff59e-25a8-49c7-8934-8619fdd2dcf1,BMIDIFCA_5F
0b8727ef-5680-4f2e-aef8-f32876b71c03,BMIDIFCA_5G
a3795352-7154-4f2b-82df-a61538d07c51,BMIDIFCA_5H
a69f75a4-dbe2-4350-9393-a2dc18b60e49,BMIDIFCA_5I
cdd6f8cb-6ee1-4b24-b50c-fd2134bed30a,BMIDIFCA_5J
fe63825f-4ff9-40eb-835b-365c7a7d278b,BMIDIFCA_5K
5ba3432f-17e9-4821-ac01-870c6cc48d0f,BMIDIFCA_5L
567b7194-2587-4c08-98ad-356c7e27ce53,BMIDIFCA_5M
1be22ff3-784b-4b19-9676-309c5596b980,BMIDIFCA_5N
5c82be75-31b3-4dba-a236-7007d133b1d0,BMIDIFCA_5O
31b829bc-8cb1-40e1-8062-7f0bf9bcec67,BMIDIFCA_5P
7473a60d-618e-420a-aab6-2af0653bb830,BMIDIFCA_5Q
99e4b459-fabc-4798-9c76-7638a4a572bb,BMIDIFCA_5R
23eb57e7-57d1-4ddc-933b-556ae1880ba5,BMIDIFCA_5S
fd1f0cc7-43df-45cf-a249-39a43b3374d3,BMIDIFCA_5T
19bc4b52-f485-4b70-8a16-c846f508f458,BMIDIFCA_5U
f1a16bb2-825c-4aaa-a6fb-4e3437cb85fe,BMIDIFCA_5V
7cbb53d3-49db-40e6-bcce-c95d8d6e9d3b,BMIDIFCA_5W
d7590417-6551-4f91-85a3-f3f5b3e018eb,BMIDIFCA_5X
7f39580c-f501-42ea-97e5-b3309eaefb46,BMIDIFCA_6A
c4dc310e-0013-4ed7-9a3d-ecadcc774b3e,BMIDIFLCHL_1C
970f5782-6f9e-4e5d-a0d9-c440a5fd3453,BMIDIFCA_6Y
167db850-a531-4c9d-a12b-fd7df9a48920,BMIDIFCA_6Z
485f4cca-25de-41c0-9d47-4d6a95113e3b,BMIDIFCA_6AA
18d28932-c271-4051-aad5-2c0f4807601b,BMIDIFCA_6AB
e72be485-d082-4d24-a3c6-85ddd9efa482,BMIDIFCA_6AC
f44e6620-94ad-4f87-97d0-23c8ac84cf47,BMIDIFCA_6B
367ec0a2-c900-4d34-b3a2-725d955d9095,BMIDIFCA_6C
fc6c0c2e-5027-41e1-a7bb-7cdf195660bd,BMIDIFCA_6D
42ca9824-00d2-42e9-b7a2-1b2b6d494943,BMIDIFCA_6E
5da9958e-d717-42cf-a933-22ea0a573647,BMIDIFCA_6F
8ed8dcfb-529e-4d0b-b266-d5b8a0eba2d2,BMIDIFCA_6G
b19e299a-2500-4146-ba4e-c5f1e688651f,BMIDIFCA_6H
235b4deb-3976-4fc0-b266-77f7c93413f6,BMIDIFCA_6I
ad24f1fa-6b6d-43c7-9e3e-46ba3db264bd,BMIDIFCA_6J
3c239efe-3f39-4916-a80b-67afc5c79fa2,BMIDIFCA_6K
8d2bacf7-b4db-453c-8c60-8705846e3406,BMIDIFCA_6L
a7e0ca47-d925-480b-b9e0-04d2f0c0e59b,BMIDIFCA_6M
b16a1c69-32a4-4233-908e-a68305a9ccef,BMIDIFCA_6N
d4053b4e-9f9c-4a48-a096-84079ee5883f,BMIDIFCA_6O
5ce52241-b49e-496c-85dd-9449e1381576,BMIDIFCA_6P
a66c7625-a531-42ae-a4bf-72705cb39247,BMIDIFCA_6Q
f88295a7-f7c8-4d97-b2e4-28f341cd7071,BMIDIFCA_6R
3de709fc-16c0-4fba-b426-962117bda396,BMIDIFCA_6S
53b3519a-0d11-4880-8157-e245e4cd87f3,BMIDIFCA_6T
39fda09f-3cc6-4e22-8083-986839b7b601,BMIDIFCA_6U
86da580e-da70-45a5-8c8f-cbfb6c866759,BMIDIFCA_6V
3d6bbc6a-eac0-4b02-97b0-b714d1181645,BMIDIFCA_6W
7f71bf50-7204-4542-baf7-5345a493ea7d,BMIDIFCA_6X
b9a6119d-ef6b-410d-8cab-a91616573ee5,BMIDIFCA_7A
9d3d2d2e-3981-4650-83f1-4a78f63fb8d5,BMIDIFLCHL_1D
ce9e3e3d-57f5-461b-aa86-902670d8ac78,BMIDIFCA_7Y
31249431-0531-47af-b1d5-9ffd16d579d2,BMIDIFCA_7Z
e4fe7abd-6c16-45cc-bb62-c8c0a51bd0ac,BMIDIFCA_7AA
26ae3da4-79c5-45e2-b303-c88ef4f452c7,BMIDIFCA_7AB
11d923ed-66ab-4afc-a381-3c1656cf4c7f,BMIDIFCA_7AC
87623984-b8c1-42c4-970e-ac18e18cb89e,BMIDIFCA_7B
35ea2a90-7a26-4a8a-8d6a-e1a480d105ea,BMIDIFCA_7C
d2c9e65a-d1fc-4d7e-a9ce-baaf4bbc387c,BMIDIFCA_7D
8ead7fc7-e7c3-4d00-9421-c1c56a6304bd,BMIDIFCA_7E
fabe3769-b56a-4910-a287-8cb2556e9764,BMIDIFCA_7F
dc53e88f-0092-41f4-8bdf-c9a3832ef59e,BMIDIFCA_7G
84627898-ec18-4ee6-92b3-176e80f6d4f5,BMIDIFCA_7H
95985bde-572e-4396-b452-9142d0996373,BMIDIFCA_7I
0feabd23-021f-4432-b723-179be6470618,BMIDIFCA_7J
a711cf65-4642-4726-b733-5def8fea6821,BMIDIFCA_7K
dbf45c11-c44a-44e6-8256-1666b5c1c50e,BMIDIFCA_7L
ec486d5c-6199-4f2e-9569-5440346df864,BMIDIFCA_7M
744f57a7-9056-4ea1-83f0-2e8a06b67484,BMIDIFCA_7N
da9b4f92-98eb-4434-b46d-399879a9c691,BMIDIFCA_7O
d4a412fd-ea8c-4025-8260-2aa50d6e7afc,BMIDIFCA_7P
90993279-3d21-4f06-a073-622fb781f996,BMIDIFCA_7Q
9177a7f7-a106-40c6-b91f-ad5c63e08286,BMIDIFCA_7R
d2d872c3-6c8b-4172-8a3e-5d891c5a1563,BMIDIFCA_7S
2220e431-e46e-45a0-844b-3c2659a2b7cc,BMIDIFCA_7T
5c3b5d99-1bff-4563-9f68-dd860ca2b8b5,BMIDIFCA_7U
5be72e88-c5a0-4a2b-9681-59df304ab917,BMIDIFCA_7V
4bb61e50-d870-4c56-bee9-3a0fe23b43b6,BMIDIFCA_7W
ba53e7ad-8124-4bb0-b81b-58cd447dd675,BMIDIFCA_7X
090434df-05e9-49c9-89fc-e9cfeec965d4,BMIDIFCA_8A
454e0380-f752-46e2-9d32-d76989ce8e06,BMIDIFLCHL_1E
d2c34703-14c9-4912-8635-97e048a9ac74,BMIDIFCA_8Y
9f8dd643-658e-4075-b595-14abf3ee70fb,BMIDIFCA_8Z
5678f1cb-0513-47a5-af98-e1a36d3ecbfb,BMIDIFCA_8AA
6cc1d932-6e40-477f-b9fc-0377e63ea415,BMIDIFCA_8AB
c2552b83-4d0d-4a33-80cc-7b313eabb24e,BMIDIFCA_8AC
259e5a97-ff0f-491e-a4ee-e4bac595bc34,BMIDIFCA_8B
75af0604-9890-4151-9e66-9439a03c5f88,BMIDIFCA_8C
f5bb3112-9466-4507-b2f9-5f2817e73adc,BMIDIFCA_8D
bd696e9b-a219-4651-9ab9-72f4133f52fb,BMIDIFCA_8E
a648ea90-c597-4ba4-b0af-feb08fb82bda,BMIDIFCA_8F
f4056d9b-0109-4bf9-9cec-5df3ee29cf8a,BMIDIFCA_8G
3fa42a10-47cb-4bc9-a514-26e12cfd7ad2,BMIDIFCA_8H
25341847-1ac2-4d69-b41b-9cf8ad8124ef,BMIDIFCA_8I
2fc7f5eb-c58c-4a7f-a04c-a8431c908641,BMIDIFCA_8J
d99d0d80-eee8-4438-a882-48480efd7782,BMIDIFCA_8K
4c39d1f8-4700-4b81-b339-a7f187b37185,BMIDIFCA_8L
47b09d54-2772-4e5a-a261-d3f44aa5012a,BMIDIFCA_8M
34b2ad1f-27e5-4589-b325-daf7a1676301,BMIDIFCA_8N
3bfb2b69-d81e-454d-8e74-de8108d02064,BMIDIFCA_8O
118d5a27-1fbe-4afa-b405-dce1be5f645b,BMIDIFCA_8P
10eb793c-1ebf-445e-85d0-2b6f367f5e07,BMIDIFCA_8Q
800ca537-eaf7-4f44-ae37-41bcf4fef9e1,BMIDIFCA_8R
24d728aa-0ec1-4370-8ece-01da7274b1fd,BMIDIFCA_8S
fdb2c75a-7036-466c-8e24-ebdbda0e9f92,BMIDIFCA_8T
c97f223a-8a05-47fc-9cbd-7755065c7dfa,BMIDIFCA_8U
7321ab8d-dabc-4c0a-916d-e38e5c88825b,BMIDIFCA_8V
85b2a0aa-fcb6-468b-b0c0-df39d03b71b9,BMIDIFCA_8W
274afc08-6c00-402c-b954-d1c4d8337838,BMIDIFCA_8X
e4bec011-dbe5-4fbb-868e-06366be0720a,BMIDIFCA_9A
0cacf9fc-8cd7-4b51-ad6d-858483fe3535,BMIDIFCA_9B
2bcfe285-bee3-4c7e-8f4c-5d8ef089811c,BMIDIFCA_9C
35d4c001-f361-499e-aec6-568b1cccb1ae,BMIDIFCA_9D
67d08de9-14ad-4e45-b4a7-55010d70f277,BMIDIFCA_9E
95351be0-1a6a-410c-b3bb-03f4c16287ad,BMIDIFCA_9F
b56be701-db2a-4bcb-b94a-cff2f380fb6c,BMIDIFCA_9G
8366b5f4-d896-479e-b851-ac632ff4399c,BMIDIFCA_9H
c40e6baf-3973-440b-9769-f7e2bb399ad9,BMIDIFCA_9I
38ca4535-d076-49de-ae84-ce2c2349cdf0,BMIDIFCA_9J
08294a2b-d509-4cc5-a55c-694f47c2ccbc,BMIDIFCA_9K
6fb9bfd3-92b0-4449-ba75-6fe60ffd3873,BMIDIFCA_9L
7d698b63-d7ff-444d-bf30-69107f0f3e0b,BMIDIFCA_9M
7ecf334a-6afb-4079-a4d3-32d88e0e6efa,BMIDIFCA_9N
48eb666a-f3fe-42b3-951c-291a7422e676,BMIDIFLCHL_1F
8ae2e6dc-fb1e-473d-9862-ecf10271a6cd,BMIDIFCA_9O
4aa475d5-1755-4331-ba11-9930478649ec,BMIDIFCA_9P
2cad5d21-6a06-4449-844a-5964f8233158,BMIDIFCA_9Q
8098cfb3-ff0b-4058-a058-762a5ca8908e,BMIDIFCA_9R
1f7f8519-eab3-462f-a277-3ba2ee52daf7,BMIDIFCA_9S
737d75e0-ab83-4225-becb-0d397e79024e,BMIDIFCA_9T
96d0edc2-7ef1-4eaf-b322-1704898fe07a,BMIDIFCA_9V
ce0b8eed-6321-4d1e-bb24-acbdd1ccb54e,BMIDIFCA_9W
326b0633-5846-4076-a487-96fb12f10aae,BMIDIFCA_10A
9d84d813-76f8-4fbf-aa11-bd94cb307247,BMIDIFCA_10B
55992fc7-76c4-4ed4-aa1f-fec2f84e7e7f,BMIDIFCA_10C
dbcd470c-b154-4d8c-9881-ec510d7a9bf4,BMIDIFCA_10D
193bc0f5-f4f3-4ae2-9d01-f4aa6145a741,BMIDIFCA_10E
993dee3e-6e89-4a09-8477-ca1ab61142d5,BMIDIFCA_10F
3c006891-9f15-417b-a95c-f98a97ba4a77,BMIDIFCA_10G
c9afc794-e289-496e-a140-8c4bf4c0005d,BMIDIFCA_10H
393d6152-9c58-4972-8916-66064d838353,BMIDIFCA_10I
ee62b1dd-3d3d-4f07-835e-27b84784dd94,BMIDIFCA_10J
28501e19-4a4b-439f-9ca9-8f1868f0e3ce,BMIDIFCA_10K
df133688-626c-44d1-b394-7994469cac11,BMIDIFCA_10L
e22fa098-abdd-43fc-b835-b759ef0a2557,BMIDIFCA_10M
2f3d26d5-0615-45c8-b94b-911efe00e798,BMIDIFCA_10N
ea166e5a-5758-40dd-93aa-1869dcb6c6ce,BMIDIFCA_10O
96c1de6c-3b30-4d8f-8e5b-02840757bcc4,BMIDIFCA_10P
b8da242f-78ac-4912-8be0-298f626620d1,BMIDIFCA_10Q
e2a44210-5b04-4b1b-9396-b20ff5c83016,BMIDIFCA_10R
5927b91f-7d81-4c11-9965-8cc72adb7fb6,BMIDIFCM_1I
0092e590-9c90-495c-8233-2c0868e3a6a6,BMIDIFCA_10S
4ab23dbc-f2d8-47b1-8fd6-5686c548612d,BMIDIFCA_10T
0306a009-6f94-45ce-aa1a-c4e43c7aee65,BMIDIFCA_10V
93f5c658-f9f2-49ce-84e4-ba479c6a2bb7,BMIDIFCA_10W
8a8d3064-c8f5-443d-983b-6a838aaf23ad,BMIGICA_9
01004dfc-3535-413f-b8da-b8d21ca08a24,BMIGICA_10
0af99cf3-7a46-4351-a1ed-528a776bda05,BMIDIFCM_1A
8702b2ca-2e0f-4886-a889-a06a697fbde7,BMIDIFCM_1B
736e9cc1-28f4-4e63-b90d-71c0980362eb,BMIDIFCM_1C
c61f53be-7ff5-4b27-a127-599681b97688,BMIDIFCM_1D
282a7b10-f7d7-4af7-97d5-1942b711fc5c,BMIDIFCM_1E
341ea921-5a35-434f-8005-81038e4a095f,BMIDIFCM_1F
af4de2bd-45c1-4e48-adfe-96d45f3157c9,BMIDIFCM_1G
5767bea8-816f-4eb1-b180-188411577682,BMIDIFCM_1H
fac81109-197e-4293-87ec-76e88b156f54,BMIDIFCM_1J
80c67bdc-6e73-4b3a-9870-9ee354646c8e,BMIDIFCM_1K
e82a8d0d-cb20-41bb-a5ea-374347d31516,BMIDIFCM_1L
a99625a1-c936-49d3-b376-86cafad67572,BMIDIFCM_1M
b0affb57-71e3-492b-945c-a7180598c24d,BMIDIFCM_1N
a33f5152-80bb-4fea-b9c2-2d3760a5ddab,BMIDIFCO_1A
f2b96f8f-64aa-4284-99c1-f0b970ac44e2,BMIDIFCO_1B
b5878a07-9011-404c-a974-13693ab4986f,BMIDIFCO_1C
2d65a7fe-accc-404a-89dc-cbb0f5c05888,BMIDIFCO_1D
01340c9b-9218-49ea-8e04-9d6c4741d91e,BMIDIFCO_1E
32bbba9e-38b4-4249-9afd-6af2a1375bec,BMIDIFCO_1F
0eef3e15-eb23-4402-aeff-714bce4d390c,BMIDIFCO_1G
838ed397-133b-49e1-99f7-470f5943e9e8,BMIDIFCO_1H
8f6fc710-a6d6-43ce-9d52-e9efa860f193,BMIDIFCO_1I
f79b2f5c-d54e-42a1-9a5d-bd6e6d516a50,BMIDIFCO_1J
a865aa32-fb6d-4f14-ade3-4e30c63f02fb,BMIDIFCO_1K
9b66ae4c-d66d-4d99-8ab2-a846aa06ea93,BMIDIFCO_1L
2eec4b65-f1cc-4fb9-b563-ceea96d6c7a8,BMIDIFCO_1M
26bd60ee-7f07-49d6-bf9a-16ff2b114f86,BMIDIFCO_1N
d7631ebb-b382-441f-8bdf-4bc69b93ac7d,BMIDIFCO_1O
7abfc2bf-be30-4770-b565-4b3f8342b1af,BMIDIFCO_1P
9bca7fc3-a5ff-401e-837f-e120512b6bb0,BMIDIFCO_1Q
b4355639-bc52-4794-8eb9-46b9242140f4,BMIDIFCO_1R
4c1d55e0-0efe-4e9f-9472-055b50ffe3e9,BMIDIFCO_1S
034b3c86-bab7-475a-82a9-ca230a8451f4,BMIDIFCO_1T
5c8e6eee-0c57-4575-ab63-880b5e42c02b,BMIDIFCO_1U
7cfac5b3-9904-45a3-80a6-41b82a679b17,BMIDIFCO_1V
006e4ca8-1479-45f9-bc7d-c363a7a0c45b,BMIDIFCS_1A
188faaad-4fa4-446a-81dc-37aab68dcab1,BMIDIFCS_1B
f927e659-d69d-46aa-97f8-8633eae0ae94,BMIDIFCS_1C
3e0b8349-b635-4274-b113-ed7167123f9f,BMIDIFCS_1D
daccf946-ae9b-495e-92f4-367dd026a131,BMIDIFCS_1E
b76108f5-db45-4e8a-b7bc-f26af0a6e205,BMIDIFCS_1F
56490fc3-9aed-438f-8cab-a8a2f1821868,BMIDIFCS_1G
ea227d76-561f-441b-8c7e-a482e353b7ac,BMIDIFCS_1H
962f18d0-59b0-44ef-9f58-b66e7be7041c,BMIDIFCS_1I
b0d4a3dc-778d-4377-9b79-3fff3bcab6ee,BMIDIFCS_1J
8fe86a89-82c4-43c4-afe3-1c45fbde8864,BMIDIFCS_1K
592d2fc8-d340-46ab-bd79-9e0415b5d919,BMIDIFCS_1L
e326b595-9423-4c5f-bbc9-6342ac608fb9,BMIDIFCS_1M
db57c4ef-f186-4986-8b73-9c918a13cdff,BMIDIFCS_1N
30349d51-6640-49b2-a7ab-e65b808d11fa,BMIDIFCS_1O
2a0cdd3d-fa60-4a36-9812-87385d665c2a,BMIDIFCS_1P
e4bb83fd-d3ce-4a97-95f3-378216b2f449,BMIDIFCS_1Q
df74402a-fae4-431d-bfb9-4d1eea0f7a54,BMIDIFCS_1R
d3e98586-1148-4ac4-80d6-f9049c95605e,BMIDIFCS_1S
a8aed931-e29d-472c-b916-829b95ce0564,BMIDIFCS_1T
aa6259be-8136-4bdf-8c9c-4494579f4ec1,BMIDIFCS_1U
77284023-df3b-4b75-9dd8-893e711c55d3,BMIDIFCS_1V
ee69fb31-89dd-4005-8d91-bdc455127a7e,BMIDIFCOP_1B
675c3cdd-8b11-412f-92e7-a4ecd7c645a2,BMIDIFCOP_1F
49c6f82b-12a5-4d1b-b90a-68006fb464ff,BMIDIFCOP_1G
e69f0e5b-bdd1-426f-aa0f-632a1bc0ea77,BMIDIFCOP_1H
eea4c067-93ec-4f77-822f-5a538ac59fbf,BMIDIFCOP_1E
85742887-d820-4ae1-98cf-d0ed76dce943,BMIDIFCOP_2C
e31dce2d-8a2e-41f1-817e-9861118af560,BMIDIFCOP_1J
42d9091f-b48c-4770-b785-ffd118ca54e2,BMIDIFCOP_1L
4d942eda-1a9a-408d-8659-2abdd2ac8bed,BMIDIFCOP_1M
f3ee06a7-ac28-49ea-b292-0fc1f879ba99,BMIDIFCOP_1N
d5c17965-1f45-4147-a5ef-8bf3f0ba1a30,BMIDIFCOP_1O
ea7337af-2581-431e-bf88-64c14c575443,BMIDIFCOP_1P
b77bf4bb-c3f5-4064-99ba-ede64f213905,BMIDIFCOP_1Q
772a2fd4-8f28-4598-8563-9a62e2169fd8,BMIDIFCOP_1S
32887ffc-a68f-4ac5-bab0-9f20dac90632,BMIDIFCOP_1T
b2e8bc51-5d09-4610-957e-6454d62d289e,BMIDIFCOP_1V
9567766e-40be-485d-a325-d1f57a95aa47,BMIDIFCOP_1W
9cc0fd47-96da-4c2b-994b-a2c946072a91,BMIDIFCOP_1R
f8bb8eed-48ab-41d5-bb86-e8341609170b,BMIDIFCOP_NOTACTIVE2
4888a39f-d6b6-4795-b1a7-99a50f99877d,BMIDIFCOP_2B
3678f007-2eb4-407b-b125-a24ed2827407,BMIDIFCOP_NOTACTIVE4
5140341e-2b94-416e-b11c-eb21b2ad9257,BMIDIFCOP_NOTACTIVE5
937614cc-0f0f-461d-afa9-d0bf35035bfe,BMIDIFCOP_2K
dc71bf26-d505-4f5d-bae5-33c5a4cb1571,BMIGICOP_1
f946848c-513f-4a85-82a8-5662d1d47ba4,BMIDIFELE_1A
dffe0805-fbb9-4284-8358-731800680e15,BMIDIFELE_1AA
8e5af772-b0d3-4cc2-8288-d48205c5c7d2,BMIDIFELE_1AB
198a4192-93c4-4cad-ba72-26a6e18930ce,BMIDIFELE_1AC
d886a7cd-e502-4826-bc82-63bce3b54547,BMIDIFELE_1AD
dce8c57f-6339-4151-987f-2334992c71c6,BMIDIFELE_1AF
6e4412f0-0335-406e-9e3d-73d92c33fba9,BMIDIFELE_1B
c6d69f8a-1c39-48e2-bc26-997680400858,BMIDIFELE_1C
37c9282b-c9cd-4c89-befb-9b9f2eb979d3,BMIDIFELE_1D
601918b1-3226-48d9-97c0-d6d346fd745e,BMIGICOP_2
104c455e-a111-459a-82be-ea9908dc4b31,BMIDIFELE_1E
c510b9ce-4573-4998-84a8-22671d28241f,BMIDIFELE_1F
1abf8fdb-adf5-4d7d-a483-3897bcdf437b,BMIDIFELE_1G
20520c0b-e7bd-4bb6-b233-dd541145bc4a,BMIDIFELE_1H
55456ac0-df07-4b20-a834-511aad3089d8,BMIDIFELE_1I
3c0feae2-599c-4304-9ebd-f76499d516e8,BMIDIFELE_1J
2aa2f1b5-cdf6-449d-b14f-d668a81b3ff5,BMIDIFELE_1K
e4318b34-11a0-4c91-9e4c-6eb6975ae1eb,BMIDIFELE_1L
ec0dfa41-a167-4490-a171-5281005af390,BMIDIFELE_1M
610693f5-0f02-4354-9a14-6c95664458fc,BMIDIFELE_1N
c6b5d93e-2faa-4c65-a1a0-01788a129fc5,BMIDIFELE_1O
22fe0eb0-043d-461a-8407-e6ebd563ee2f,BMIDIFELE_1P
99d695b7-0ae3-48ec-b6a0-97b3ddbdae29,BMIDIFELE_1Q
3949853b-6797-4697-b4c6-5aa328b20d13,BMIDIFELE_1R
bf5c413d-3844-4385-ba96-1e8db3158a1c,BMIDIFELE_1S
fe472439-1720-44ce-90ea-ed9cb5e68706,BMIDIFELE_1T
20786592-b612-48ea-bf90-176826de30e6,BMIDIFELE_1U
fdcbcdbd-7be3-4c31-a9bb-24c730ea5fca,BMIDIFELE_1V
ef9b5b7b-38f2-495a-947c-83e1f08c91c6,BMIDIFELE_1W
4dceba6b-6704-4a3a-8a88-fc458bd8d559,BMIDIFELE_1X
90e89102-1ff6-4326-adea-1d0a7c89ee7b,BMIDIFELE_2A
f7ce98eb-78a7-4aff-9820-78927bdd7140,BMIDIFELE_2AA
4196d3c5-bea0-413d-bab9-9d256a4d02c4,BMIDIFELE_2AB
19303655-e459-459c-8fce-06855bd0fcff,BMIDIFELE_2AC
9968a906-c29e-453f-908a-735754be683d,BMIDIFELE_2AD
85a1dca2-74d2-4ca3-9103-1ece2d292ec6,BMIDIFELE_2AF
169f3b8c-1296-4e19-bc74-9bffea5f7d87,BMIDIFELE_2B
6dd873eb-320f-46a8-8e72-7cdaa6b465a2,BMIDIFELE_2C
78e0c61e-d26d-4c37-83a1-e9fdfd432f74,BMIDIFELE_2D
5db77058-22d2-4b50-8847-93f5bcfefe30,BMIDIFELE_2E
c8567807-7b72-40b9-98ad-baaa4d937b2a,BMIDIFELE_2F
6bfadfbb-7b5c-47a8-9a69-6846f1d3e287,BMIDIFELE_2G
2585a4ae-802d-47b2-8462-8d20ce8f7c4d,BMIDIFELE_2H
22fdcae4-7c53-4fd4-b180-81ac84e1db32,BMIDIFELE_2I
83b8ad48-7847-4972-9868-8a317dfe5fa0,BMIDIFELE_2J
e78addf7-80cd-4e56-910b-678f26a4de75,BMIDIFELE_2K
2c283608-56c8-4707-bc88-a4307c7202d5,BMIDIFELE_2L
0ed52e4d-5da3-4a99-bafd-1c8cb7ecfb1e,BMIDIFELE_2M
911b46f0-1e10-49b8-a4e8-1f3062d0c8ca,BMIDIFELE_2N
88043f99-1381-4e17-95df-438c98fd329a,BMIDIFELE_2O
34a2de97-5784-4ba5-9893-d7a5d5e40a12,BMIDIFELE_2P
8f05a096-3268-4072-81ca-2acce34a7507,BMIDIFELE_2Q
61db7cd7-c001-4b70-b9d9-4138324d088f,BMIDIFELE_2R
8771db02-4f61-455c-aa5a-45640d61d232,BMIDIFELE_2S
6131b94d-2787-4ed3-a425-32a3ff7e6972,BMIDIFELE_2T
5eb73c8f-0a71-4302-86c8-47bcb03ce2bd,BMIDIFELE_2U
46c5e01e-e33a-45eb-9338-b6a262735039,BMIDIFELE_2V
d9c38179-033c-4ffc-8f26-3de43067558d,BMIDIFELE_2W
80ad019f-5f50-4bf0-bc60-5c9f11a75b34,BMIDIFELE_2X
9b0059c5-6926-4417-a794-56f28ba26f2d,BMIDIFELE_3A
f7571cce-6c8c-494d-81f2-f22755d2ace2,BMIDIFELE_3AA
2c5b32c9-bc47-4388-bdff-924febf04ff5,BMIDIFELE_3AB
f2914b43-16cc-40e6-a023-3a79f205301d,BMIDIFELE_3AC
e9e031f2-f05f-4a41-b41f-f944a18fa23e,BMIDIFELE_3AD
1cb73b1e-5770-45ad-845b-fb67e3c5ed00,BMIDIFELE_3AF
1acf7d47-30fe-4796-9eb1-7307ba373ed1,BMIDIFELE_3B
09c256dd-f8d5-4c7d-991e-f26220f52db0,BMIDIFELE_3C
5de52e35-886e-44f2-ae96-37f979747997,BMIDIFELE_3D
2bd45745-9c38-40f1-9719-29d7b911b397,BMIDIFELE_3E
fe90df9f-37ce-489d-b269-ecb88802a968,BMIDIFELE_3F
269b0e94-e092-4565-adbd-f0796d99d36b,BMIDIFELE_3G
90120e29-da36-4081-979b-4a4745efc560,BMIDIFELE_3H
2ab006b9-c19c-4eed-988e-c10ca6066e2f,BMIDIFELE_3I
05bcfdf8-9a6b-465a-8b24-5a6df91cda3c,BMIDIFELE_3J
b874242f-3f2a-4057-858e-727bf0a74c94,BMIDIFELE_3K
f7f45910-7b27-4d7d-a76d-b8327980b8c7,BMIDIFELE_3L
2c0ee6f5-f964-4331-ae2b-e6e51262319e,BMIDIFELE_3M
260727de-b1d5-4bfb-bf33-27a2d30f7982,BMIDIFELE_3N
60d54b7e-badf-4e77-b8a1-a554dfec9d63,BMIDIFELE_4AD
4287e27f-d7f9-405b-af5d-e0d7a01e43b0,BMIDIFELE_3O
2696d271-9869-43b3-9216-1560e5e7075a,BMIDIFELE_3P
ceedd309-83da-40a6-ab23-5c098c5696da,BMIDIFELE_3Q
55a5ad58-5486-4abe-992c-4e0c47c2ed0a,BMIDIFELE_3R
75e10033-c07a-4d87-b521-995a6c7fba56,BMIDIFELE_3S
64e173cf-b30f-42a7-a19a-2a68ccb84756,BMIDIFELE_3T
2a649bf8-0964-423f-aa8d-4e3b1a0b585f,BMIDIFELE_3U
c75362c6-d11c-44bd-b245-9675d7979fa6,BMIDIFELE_3V
cd2af3d4-6f84-4175-a264-7cf743123f7e,BMIDIFELE_3W
26905078-c462-4c07-9777-14793afaab0f,BMIDIFELE_3X
5042dc61-9966-4dd9-9a30-654b873ff7ce,BMIDIFELE_4A
4ba914ec-744d-40b9-87eb-9f640197bf76,BMIDIFELE_4AA
5e0652be-cd5c-425c-b0ec-9fa58d3245bd,BMIDIFELE_4AB
004433cc-8ed5-4e71-a344-968a6078d610,BMIDIFELE_4AC
4e2aeb05-cad7-4506-946d-b47bbe2ed370,BMIDIFELE_4AF
8d5cdb90-cdcd-4798-b516-065ec189037c,BMIDIFELE_4B
83301226-671b-4e0a-a8d7-3cb2378c4541,BMIDIFELE_4C
748eadfd-d10a-4a44-b4f9-be622bb18471,BMIDIFELE_4D
523964e3-d48c-4bda-aecf-085153a04f1b,BMIDIFELE_4E
01de0ee1-9771-4bf4-aa1c-e9745857d996,BMIDIFELE_4F
6ac4c89a-ced3-434d-a70c-9973d298c668,BMIDIFELE_4G
db6c090a-af92-4382-9a4e-8cdc48ea42c6,BMIDIFELE_4H
31f987eb-9c92-4e3e-a9b5-08b0c2b40106,BMIDIFELE_4I
457c38d2-1085-45d2-b769-6c34d8730f5f,BMIDIFELE_4J
03ead2c0-c466-4ca1-aaf4-27ed9b231b0e,BMIDIFELE_4K
e69f58ad-689c-4212-8a9c-536a3ff3adb0,BMIDIFELE_4L
6691b422-9256-4fa0-a19c-375f3a8fad67,BMIDIFELE_4M
2682fa99-79ec-4c8c-85c3-7105bbe80d9c,BMIDIFELE_4N
3f41b6a5-4627-44ed-a482-ca15eb24ee06,BMIDIFELE_4O
c3d3eeb2-992f-44e8-896b-948cc39d7a33,BMIDIFELE_4P
c382eecb-0281-44fe-ae68-42b75e45873e,BMIDIFELE_4Q
8ebf83ac-3680-47da-869b-a15515ca0681,BMIDIFELE_4R
04a3fdec-432a-4554-8b06-7ebfb68fe91f,BMIDIFELE_4S
bc606bff-9ed4-41c2-8e59-85d53c19c4d2,BMIDIFELE_4T
de798e88-1278-49ad-a051-91180fc6dd1f,BMIDIFELE_4U
6d34db36-3292-4da1-9fab-c8bb8f99801c,BMIDIFELE_4V
acdaaf13-1be9-475b-9c83-75a595c90724,BMIDIFELE_4W
91c1fdad-a5b7-4eba-89fd-95e692ea6d96,BMIDIFELE_4X
d2b17749-9901-49d7-b0ba-185c6edb944a,BMIDIFELE_5A
f51bf172-b626-450a-abe6-c2e6b42d499d,BMIDIFELE_5AA
469f09fc-e03a-423f-bebd-6a564e43e9fe,BMIDIFELE_5AB
29732be9-9ebd-4b97-9736-66edc7566378,BMIDIFELE_5AC
54467bcc-a23e-47de-8009-6297df73466f,BMIDIFELE_5AD
70bed563-987f-45f3-b32a-9615910176ee,BMIDIFELE_5AF
ad00a6e9-d312-46dd-b0ae-badb9af423ed,BMIDIFELE_5B
25253245-a8ed-405e-81bd-6c5c24aea96d,BMIDIFELE_5C
642bdc96-9d2b-47f6-a693-24a98201e8c8,BMIDIFELE_5D
3390dd49-ac29-4f92-9113-531ebee3994e,BMIDIFELE_5E
2eac8a03-5e17-44a1-98d2-02062774b195,BMIDIFELE_5F
72db737c-7e34-44fe-b0e0-67967b2393ee,BMIDIFELE_5G
799f0731-cd85-4627-9aa2-d549c393e067,BMIDIFELE_5H
94de6250-f7f6-44ae-a163-35de353c7117,BMIDIFELE_5I
6253ce2f-2f96-4ab1-b3be-8c6827887d4f,BMIDIFELE_5J
f4ae16e5-128e-484c-92fb-ec61a900c424,BMIDIFELE_5K
86ce66ce-d4ca-417e-821e-f60861a8f335,BMIDIFELE_5L
f0d32590-31e7-4913-90b5-6194eddca081,BMIDIFELE_5M
14e5be86-e976-4e47-aa39-820874ff660c,BMIDIFELE_5N
a1839dad-e405-4abe-bf97-f21db2933b02,BMIDIFELE_5O
d55638a1-603d-42c5-8387-02eb4756c147,BMIDIFELE_5P
3ac234df-a6f2-488e-9971-922fec940bcc,BMIDIFELE_5Q
cadaa9c1-ae4d-453f-875b-2baeac1c295d,BMIDIFELE_5R
546299f3-30f3-4eb5-860d-cdb913b8064f,BMIDIFELE_5S
3f28f4af-8fb2-4f71-94f7-e00c6be02000,BMIDIFELE_5T
19ec2773-b66d-4367-8b85-1c2d1193c97a,BMIDIFELE_5U
33a0e4b5-0d48-4419-8146-6bb36123572d,BMIDIFELE_5V
f30198f9-2209-44e8-926b-c0ecc901bdb6,BMIDIFELE_5W
e7823b13-2ebb-4a93-a7bb-e68be87cfea0,BMIDIFELE_5X
3026aa10-e108-4191-a1d3-db779dc66b4b,BMIDIFELE_6A
1038e2a9-65e0-4b9b-bf0e-edd2632db00e,BMIDIFELE_6AA
94f5ca30-b569-4f3c-8fab-9376412801ae,BMIDIFELE_6AB
13c79c48-fef1-4594-950e-55a0d4489379,BMIDIFELE_6AC
6325eb34-c908-4e49-a082-5475fb71bb9a,BMIDIFELE_6AD
196ee7c8-bf21-4ec6-b171-d52b08dfae3b,BMIDIFELE_6AF
eaa3ac95-5add-4b06-b7a4-05416f5ef524,BMIDIFELE_6B
22d4e48b-1d95-4240-863e-46661c38e2b6,BMIDIFELE_6C
616b64ea-7ed4-4cbc-aba6-dde09f40b87c,BMIDIFELE_6D
fdb7bf00-d858-42ff-ae4c-115bc6115713,BMIDIFELE_6E
a3e63f5e-703f-4176-8fb7-f25eeb55bffa,BMIDIFELE_6F
a68e5a7d-881d-4985-9fe0-d655fae6f733,BMIDIFELE_6G
8f8e8708-83bf-4a9b-b608-e565e588e335,BMIDIFELE_6H
ce8a2bef-e4a3-43cf-90d8-353369dbe26b,BMIDIFELE_6I
566c006c-db63-4bbd-be07-d9bf7d9d6ad0,BMIDIFELE_6J
54e04513-5d19-447d-9a2d-ffcb4a46d129,BMIDIFELE_6K
d49308fe-166d-4580-8d27-5443b7dfa8d1,BMIDIFELE_6L
e0b2eae3-d692-46fa-8136-3f7cefda56e3,BMIDIFELE_6M
54b866dc-f7c3-4487-ab18-1b10e416b1a7,BMIDIFELE_6N
bebcf366-5796-4c4e-8004-9c4107acefe3,BMIDIFELE_6O
0b4b513d-6bc5-4be1-b187-8f59ffb443d4,BMIDIFELE_6P
4ca54b95-517e-426e-aa45-db5ce6e641be,BMIDIFELE_6Q
2b4dd56c-c386-4a10-a1a1-c75f804b7e37,BMIDIFELE_6R
96ba016f-78b7-4a37-bd3e-dc66d44c90b0,BMIDIFELE_6S
63a44cc4-a91c-453a-a30a-1c43d85069ac,BMIDIFELE_6T
e48cdb1d-2971-4684-bb8b-52fccf1170ac,BMIDIFELE_6U
272661e0-03b4-4dee-8a2c-a2d33348d4f7,BMIDIFELE_6V
91790991-d780-4de8-978d-048bb74a229a,BMIDIFELE_6W
e758baa6-6f4f-4bd4-840d-a7bca463c666,BMIDIFELE_6X
ddce007e-ed13-4d37-8b03-7c2831ff4c4c,BMIDIFELE_7A
7ca61dcb-bc0c-4c88-8dea-f54f768cb00e,BMIDIFELE_7AA
1a7d95ab-ae7c-4efd-86e4-ccb9dfbc2ce6,BMIDIFELE_7AB
7ff53b7a-cc6c-4ca7-9c51-f63aa4b18534,BMIDIFELE_7AC
08c1f8a0-94ca-40a8-9fd1-754ebb6ebcbf,BMIDIFELE_7AD
2946c562-3527-4a48-a00f-ccbaeffd1a9c,BMIDIFELE_7AF
0a69429b-eebf-4113-9858-fd3530aba263,BMIDIFELE_7B
7fc61d98-84be-496f-a35f-bfad82f5fa91,BMIDIFELE_7C
875d41d2-eacf-499b-a767-3857eacc16bd,BMIDIFELE_7D
e769fa89-8ef0-41d7-8997-cc3e4cbd0fef,BMIDIFELE_7E
89e191b1-5405-4f84-92c5-3d58cb193667,BMIDIFELE_7F
734d0acb-cd31-409d-bd49-3554e32f9ef7,BMIDIFELE_7G
7938c202-6951-4cd6-bb4a-b8f5d0d889f2,BMIDIFELE_7H
07366812-9b70-4649-840b-efd7505a1f2b,BMIDIFELE_7I
372765e4-6f2a-4199-99b4-4fd1d0d9a1af,BMIDIFELE_7J
fa496ef0-665c-44e7-9837-b617758e591f,BMIDIFELE_7K
af82fad2-5dfd-43a8-b359-ba37b848249a,BMIDIFELE_7L
65a3af1f-8187-41f6-aab2-e10f48b507d7,BMIDIFELE_7M
79ce9b7a-c302-4c4a-9695-b9fb1f030b88,BMIDIFELE_7N
35d4753c-616f-4666-82c2-59b04aea8199,BMIDIFELE_7O
25e9cfd0-671f-4d1d-9011-c314bc6ade4f,BMIDIFELE_7P
6210e3c9-0b3c-41dc-80fa-91a20380248e,BMIDIFELE_7Q
de2d9462-743e-40d8-a1c3-8fa7654899d3,BMIDIFELE_7R
f00aee01-6eb9-427f-842c-1031b3be79ef,BMIDIFELE_7S
193af397-9553-4209-a241-c5b68bcb1909,BMIDIFELE_7T
2d41aef8-205c-4d45-97d8-4d02cad726de,BMIDIFELE_7U
3b26e9f4-d316-4210-8ac6-64aa834128f7,BMIDIFELE_7V
bab4dfbd-de31-40eb-aaef-0985de9bef10,BMIDIFELE_7W
fe344c00-4410-41f1-980a-fbae01a179dd,BMIDIFELE_7X
87e5480b-023a-474a-a3af-4d82797e330f,BMIDIFELE_8A
e0faade1-6614-49d7-8336-aec54acdcf66,BMIDIFELE_8AA
e2ac0d20-4174-4473-836c-813b0e7f69a9,BMIDIFELE_8AB
19fa371a-6f32-407f-b318-c8305637da39,BMIDIFELE_8AC
c89f6f64-a221-4f4a-8699-65544ebd26d1,BMIDIFELE_8AD
f4bd2f44-ea08-4b4e-8a06-4494982c6c1c,BMIDIFELE_8AF
c5e5f111-08a6-49ce-b770-00be88337b1b,BMIDIFELE_8B
9361637e-8f65-4b47-b27e-12c4ed441dd3,BMIDIFELE_8C
eaa8bf74-46fa-4bbb-90b6-6259ce44fbed,BMIDIFELE_8D
4d1c9f58-5c89-4fb5-a0c3-8276a77c586a,BMIDIFELE_8E
82be5d8d-1c44-4dbc-8b20-2c26f7d2f3e1,BMIDIFELE_8F
4ca0fb13-76b0-42b2-afd2-fee38142f50d,BMIDIFELE_8G
ce2eb31c-f86c-4f75-b57d-f04cc952f4a2,BMIDIFELE_8H
59ca43f7-7770-4a65-95ca-1949348cbcc5,BMIDIFELE_8I
e597643a-9f46-4662-a8e4-693a55177f54,BMIDIFELE_8J
c11268c9-3417-4a48-96e8-b0fb577d225d,BMIDIFELE_8K
1f2327b7-bf08-41d6-a037-eecd461fc28a,BMIDIFELE_8L
113b57cd-0a2b-47fa-b2a7-9a41ae68d70c,BMIDIFELE_8M
e70f6297-7275-4ab4-8e8d-eacc368d327e,BMIDIFELE_8N
af1a28f2-ea9b-44b3-affb-87fe005d2673,BMIDIFELE_8O
af9fc8e3-a7e8-4064-85d3-b7159d62bbbc,BMIDIFELE_8P
b8b43bc0-01b9-4bf4-a23a-9cf1133c9852,BMIDIFELE_8Q
a2bc9fbe-78ac-4aa3-8c90-b49f18ca6c67,BMIDIFELE_8R
f33e0353-5ddd-4996-a275-25ce0ccc181f,BMIDIFELE_8S
efb38c31-33af-4b66-aba6-85e07981ba3b,BMIDIFELE_8T
8cb8ab00-677c-4c9d-9baa-8f46bf9ab577,BMIDIFELE_8U
938075cb-ed93-4364-9cd7-6b044bbe31a3,BMIDIFELE_8V
78e30a03-27c1-4991-9b8e-013ec880d82b,BMIDIFELE_8W
a0a1ec66-f6b6-4919-9501-b5ae31e55f52,BMIDIFELE_8X
7efd4f34-aea9-4b5e-9602-d610eedfcb9a,BMIGIELE_2
8bb31598-776c-4059-8170-d9050c1be5d2,BMIGIELE_3
406a72ec-2b8a-4468-8cac-e7aa026c9b76,BMIGIELE_4
ac644778-73ff-4729-9ceb-1934a0a3efdc,BMIGIELE_5
f202721a-9f26-4c01-b2de-8b311ba0b06c,BMIGIELE_6
015a7a06-22a8-4dcd-8956-d071d0b8e6b0,BMIGIELE_7
630c80d4-f331-4675-a0ef-14574f3d5572,BMIGIELE_8
e0574e5e-fe5e-4388-b310-d5715eab3db1,BMIDIFLC_1B
bdfaae11-20bc-4d02-ac8b-95297b161d1c,BMIDIFLC_1C
d57410ff-0f68-469e-b847-7c2a0b82ecf6,BMIDIFLC_1D
2e10d910-c36a-46a6-b79d-39423d8ca473,BMIDIFLC_1E
19643da5-eedb-4ea4-bdd5-424693c33c43,BMIDIFLC_1F
1ef21945-9457-4b8a-aa66-29e7eb7f7de8,BMIDIFLC_1G
6c9c9362-0790-48ca-b46c-2aa4b1287ad5,BMIDIFLCHL_1G
eb5a917f-6a8c-496a-9804-895ecfc288c0,BMIDIFLCHL_1H
dd9077f3-c12d-438c-9e3f-e9412c67b813,BMIDIFLCHL_1I
aaf7b771-c4f3-4712-80b4-e790d60ebc9a,BMIDIFLCHL_1J
066d320a-4584-49fe-a674-c04f6a592d8b,BMIDIFLCHL_1K
da91e693-94cc-48e5-9cbb-b6e8648ea729,BMIDIFLCHL_1L
4a884afb-9872-4efd-9926-7519aa4c8ac9,BMIDIFLCHL_1M
1aa906bd-eaef-4377-a7c5-98cf39e80caf,BMIDIFLCHL_1N
40974ff8-c59b-4eaf-a905-332fd6e7811b,BMIDIFLCHL_1O
1bae86fe-5521-4c8b-b096-c8abf2b49479,BMIDIFLCHL_1P
71346d5a-f947-40b4-9766-3d0ef7f019b6,BMIDIFLCHL_1Q
785ab592-638e-47b5-87bd-01781b738bde,BMIDIFLCHL_1R
f43f1644-fd9e-4ae5-9c07-858fe7c1c79f,BMIDIFLCHL_1S
e09ad0f9-031f-4606-b3ff-b9bc79b3e44d,BMIDIFLCHL_1T
53c097a6-8b18-49f7-a9a3-d549265f5292,BMIDIFLCHL_1U
64296086-3ebf-46da-a416-0166838f1aef,BMIDIFLCHL_1V
1318805b-3464-41c3-80ed-cb207570f565,BMIDIFLCHL_1W
f893d43e-a671-4f08-ab44-aa316f8a6a23,BMIDIFLCHL_1X
2f05f888-c8a1-4b1f-a194-749db099a7bc,BMIDIFLCHL_1Y
46a040d4-51aa-4d95-939b-633279ef6ee4,BMIDIFLCHL_1Z
2c0dafa7-3f33-4e71-b2f5-282b4a3e4860,BMIDIFLCHL_1AA
4138adf2-2f38-462e-ac65-1036043f5703,BMIDIFLCHL_1AB
8f0535f0-67bf-453e-8175-83371b1b1e7b,BMIDIFLCHL_1AC
3f3cd279-dfc9-4225-8906-dffc044d7247,BMIDIFLH_1B
dc2b244a-4542-43af-8dab-451cb79ddce5,BMIDIFLH_1C
c242a9ae-6a5d-445d-bb8e-be957a0dceac,BMIDIFLH_1D
6528eaa2-64af-4923-833a-bcbd4fce5052,BMIDIFLH_1E
5b53a44d-b8ce-48a9-aa5d-f19008d9c468,BMIDIFLH_1F
7aff2d7a-f5d0-449f-aa15-2402228d2af0,BMIDIFLH_1G
8f41f799-95ef-48de-b1bb-02ff460d8dd1,BMIDIFLH_1H
f216687b-956c-435f-b06d-59397064e498,BMIDIFLH_1I
472e1803-a405-4646-81ee-ef300f8a0ddd,BMIDIFLH_1J
6fc892ad-2119-4c54-b5a9-95fa89fc32a8,BMIDIFSC_1A
b16c6e92-8c60-4d45-ac25-802a316674e2,BMIDIFSC_1B
4a5476af-8fe3-4a22-9472-14e03ce1b791,BMIDIFSC_1C
7c8cae48-5e7d-45ba-a11d-130b4dd99ca3,BMIDIFSC_1D
9306fb04-dfd2-4dfc-8405-b5484f81348f,BMIGILCHL_1
5bfc778c-5a52-4f04-b9cd-c6003da1e06e,BMIDIFSC_1E
7233db05-d593-42a5-a197-01e8a4cf3ee4,BMIGILEP_1
73258ff7-af0c-49e8-85d2-6d245c083632,BMIGILEP_2
2dae8f22-6917-4ff6-aa89-a4c11443e44c,BMIDIFLEP_2A
e51825ef-a239-4ca2-be64-03714aa2e9cb,BMIDIFLEP_2B
43206850-f010-49c2-8348-fe4c1ea66318,BMIDIFLEP_2C
fa93a876-f8bb-40f2-98a4-b3d346e231d4,BMIDIFLEP_2D
1965f686-2a70-471e-9e8c-316ebda2aa98,BMIDIFLEP_1A
381221b2-9e08-4267-be3b-5729d7987dc8,BMIDIFLEP_1B
7975fa89-b3da-4bb7-b35d-c36346c0eca2,BMIDIFLEP_1C
02aa74f2-e7b4-4bd9-b3cc-6acbd39fbea2,BMIDIFLEP_1D
bc15e1aa-4145-4bb7-9700-29380f3b1595,BMIGIPET_1
20534eb4-b239-47bd-9658-fb6bfa651f32,BMIGIPET_2
a0e583f9-f016-40e9-82c4-a9ba44e601af,BMIDIFPET_2A
381b0fa8-1a78-4747-8ff5-e3fd82447789,BMIDIFPET_2B
051d1d81-b7ec-424f-99df-f2458e4ea826,BMIDIFPET_2C
ec6cb1e0-bf40-4d1b-9991-15da7bd9bb57,BMIDIFPET_2D
f0ca538a-b030-4993-bfe9-30b3b4119d57,BMIDIFPET_1A
f1ab5733-4a82-4665-b04c-990d4e7ab092,BMIDIFPET_1B
ef9a42a1-bc09-4638-b3ef-766dcf78f668,BMIDIFPET_1C
8683ce6c-0a57-4a1c-ad0b-ef83be92343a,BMIDIFPET_1D
0dbeff4e-32dc-4912-95fa-1c1c02b8ba23,BMIDIFMN_1A
1f975e6a-5024-45be-97bc-8d5d28b0cef3,BMIDIFMN_1B
ad9000e3-577c-40f2-91d2-5764e234de7e,BMIDIFMN_1C
2d0da803-c175-4b37-9c59-c3f030119aa3,BMIDIFMN_1D
37642388-87cd-41bb-86eb-a7cd633699c8,BMIDIFMN_1E
1393629e-0181-4aec-9a6e-377b351992a3,BMIDIFMN_1F
82d9e43e-de54-4d42-86c9-e0c6fec3fc1f,BMIDIFMN_1G
7deeb4ed-1ea4-4bcc-bd12-a7877399f34b,BMIDIFMN_1H
ab924c0c-d462-4e8e-82a3-c919a003cbee,BMIDIFMN_1I
eb5c7c82-1405-44bc-8742-4760f9bc1ec9,BMIDIFMN_1J
b6450f50-e9f3-49fd-8197-8c11b1b24a30,BMIDIFMN_1K
b78affe6-5674-4cff-934a-ee8a65286da6,BMIDIFMN_1L
ee9ab8e1-1fed-4cef-b5c1-68ede4354cfd,BMIDIFMN_1M
efc924e1-b46d-48a2-a3f6-fc500cc1b263,BMIDIFMN_1N
6eb8aa5e-1c76-4e63-a742-78d9b25530bb,BMIDIFMN_2A
fefe3d27-cde8-42be-8731-a4b2a6a1a61d,BMIDIFMN_2B
0e1f9356-48ca-4641-bb30-258cb2406012,BMIDIFMN_2C
5eac0914-f9ef-4588-8e6e-1a0631ba1b09,BMIDIFMN_2D
c91cdbdc-193d-4909-9b75-09a368ddc4dc,BMIDIFMN_2E
4e73ee23-f766-4451-a814-f549224492b0,BMIDIFMN_2F
17f15c49-0465-412b-aa50-47a1496e69b2,BMIDIFMN_2G
0a531eda-b03c-40b4-8fa0-d1ec323ff332,BMIDIFMN_2H
9dbd3e78-c466-47a7-b6ef-824510c3e2d5,BMIDIFMN_2I
509ff2ac-78c3-4474-a626-8fc6afe9e5eb,BMIDIFMN_2J
64f3e1f9-5936-4f3e-971b-28e8de33dab6,BMIDIFMN_2K
e243c1c7-0986-4b77-9e29-ed0d4776eda7,BMIDIFMN_2L
da4363ea-66fa-4b25-8456-d31948bee1ca,BMIDIFMN_2M
0e5599c1-11bb-4b0f-a2a7-4edf20cc1bf0,BMIDIFMN_2N
49eacbcb-ab72-483f-8460-28f66bfbdb0e,BMIGIMN_2
b7189653-2018-4a11-80df-a6e0ee946cd4,BMIDIFMN_1O
ef6b4b81-3294-43d1-9a50-484753c2ae89,BMIDIFMN_1P
710e4110-f06c-43d6-92ad-f4975e254980,BMIDIFMN_1Q
c2b80864-e874-4414-b24b-30bf37ca48bd,BMIDIFMN_1R
98ced585-e2af-4f02-bf46-3931dc45ebb0,BMIDIFMN_1S
47d8c789-1a19-4624-a2d8-7f372287d5e1,BMIDIFMN_1T
6ed4cd8c-0e6b-47cb-b14e-2b0aacadaf55,BMIDIFMN_1U
d38e6204-502e-4382-bd28-adfcd27bb954,BMIDIFMN_1V
ede87b4d-ac0a-48a5-b9ed-77e7a5fef1f2,BMIDIFMN_2O
e0717d05-8bf2-4035-9461-ae6b579ee1fe,BMIDIFMN_2P
12de22cb-4188-4433-9e0b-a452b36ba9fe,BMIDIFMN_2Q
6d3260f9-5e9d-4dfa-9d0d-83775959eec9,BMIDIFMN_2R
e532c261-576a-4725-873f-c5a625845f3a,BMIDIFMN_2S
f14efe2c-faa7-473a-800c-269301ea1218,BMIDIFMN_2T
0d6a9344-f936-4d67-837a-5f57e4efa44c,BMIDIFMN_2U
e12df0ba-0fe7-47ba-8f04-40ff82328437,BMIDIFMN_2V
c4fc48a2-5999-4899-afa3-85d03ba3f05c,BMIDIFMN_2W
66bc82b9-7783-412a-9ef0-d5eec3b89b08,BMIDIFMN_2X
721cb9bb-4ab0-4fff-91c2-4e6a315d788c,BMIDIFMN_2Y
5cabddf8-fe8f-4e1d-8f43-45960a3416b8,BMIDIFMN_2Z
9e7e8bef-b607-404e-b397-09940c79ab46,BMIDIFMN_2AA
b2aaf006-959c-4a82-a4d7-d4efca4d43d7,BMIDIFMN_2AB
e6f79d28-017c-49b7-ae10-13f33639c626,BMIDIFMN_2AC
bfe5736e-5a97-46c9-a7d6-7731245e13a1,BMIDIFNG_12D
d5813d28-1327-4fff-85c8-7181094bdeda,BMIDIFNG_12E
ccf5d9a9-65b9-4b9e-8953-2d096c6973ad,BMIDIFNG_12F
c2a6f491-1070-4a51-9fa3-f523e27830cc,BMIDIFNG_12G
a27e8e26-ca9d-4314-9f1b-540a698a5d5e,BMIDIFNG_12H
b0264996-6b14-4017-bbbb-bde00a00abdf,BMIDIFNG_12I
086a9424-339c-4786-a51d-b420bfd2973b,BMIDIFNG_12J
44a4f01a-792c-487a-8f1c-5323c11b5010,BMIDIFNG_12K
7ef36eea-fc2e-4a3f-a28e-f9967553a9bc,BMIDIFNG_12L
a63e8788-7a57-4cb5-bdf9-3c66a54dd674,BMIDIFNG_12M
14fc8c72-c165-43ca-8519-5331ee35234a,BMIDIFNG_12N
b01eb321-b38c-47b8-8131-cc257f3f4441,BMIDIFNG_12O
8c12b67c-2bc9-4303-b4bb-8f1bbc09e2a8,BMIDIFNG_12P
e86a3d11-593d-4fba-b109-7237576a4b8b,BMIDIFNG_12Q
904839df-40f4-47cb-b445-e61bd7d84009,BMIDIFNG_12R
b0fc4f25-a7f9-4ded-ab47-ad7c9b46d7d4,BMIDIFNG_12S
f4f79f37-c08d-4a75-baa8-c93ab8acffcc,BMIDIFNG_12T
a54d4629-d597-4c29-abb9-66928ac1bd66,BMIDIFNG_12U
525a6eeb-5eff-4e0d-86fe-bf99a9ac35b0,BMIDIFNG_12V
32f01638-2b3a-414e-b678-f4b8c4879019,BMIDIFNG_12W
3f9ac0e8-7ece-49fd-ba6b-f2de8624747b,BMIDIFNG_12X
0756c6ea-67b8-42f9-b811-bc5c3713091d,BMIDIFNG_12Y
7c25650a-fb61-4d93-8ce0-e2de9a84dc8c,BMIDIFNG_12Z
10c838b6-dba6-488f-b4a4-f85f912f5341,BMIDIFNG_13D
089cf20d-26e1-4b39-a610-dee90c2c7147,BMIDIFNG_13E
1b9ab9ab-7e04-4a08-bf46-dd50f4c424de,BMIDIFNG_13F
af1eb4b7-c850-4bd3-92c1-aeb483524d78,BMIDIFNG_13G
1a3b3310-cbaa-40c2-a45b-a5f656492831,BMIDIFNG_13H
6f42f985-5050-4d21-bc64-a0579b78d410,BMIDIFNG_13I
66f6f1a2-fca0-4410-b467-c3f51f45ed0e,BMIDIFNG_13J
f56bdc66-712e-4d7c-a5c3-577300064eea,BMIDIFPRE_3I
08040bbf-c68a-44d1-8635-f97046582b7b,BMIDIFNG_13K
53dc89cb-27e4-4948-94f3-4be76d6bb62b,BMIDIFNG_13L
a14872e6-1116-4747-a7f9-cee81c5542a3,BMIDIFNG_13M
da70bcfe-fcb6-4056-90fe-769007e6b031,BMIDIFNG_13N
938c698c-f44f-4c49-a0d8-f55d69b4ec12,BMIDIFNG_13O
cc3d0e86-0f9e-477b-8c93-5944c0c80fe7,BMIDIFNG_13P
3be884f0-c4b4-4dde-b302-31afc4763253,BMIDIFNG_13Q
1cb9477e-4177-4da8-ae2e-62d961ef4290,BMIDIFNG_13R
7e5a2ac1-dbdd-4121-936f-f54ebb5df78e,BMIDIFNG_13S
147f4147-8f5e-4df5-a75d-26ab97e70fc2,BMIDIFNG_13T
c0cb3354-4e29-433a-b757-e8554de7b307,BMIDIFNG_13U
431e8015-a112-4b5a-8776-216480136c19,BMIDIFNG_13V
e6d0f05a-e551-4dc0-931e-0a0289e743ee,BMIDIFNG_13W
267a83e3-7275-4e9d-b4e7-1fe032846573,BMIDIFNG_13X
fac4116d-76bb-420d-8ec5-27ae7b152274,BMIDIFNG_13Y
bf298af9-6570-4993-a683-7adcd57886cf,BMIDIFNG_13Z
53f00f56-7122-4b98-8501-7ca5df7438b9,BMIDIFNG_14D
a8fd10b8-eb28-488e-b2f8-b258d666f0ea,BMIDIFNG_14E
51d3b4ac-b1ce-45f1-865f-0f85cd6098eb,BMIDIFNG_14F
a77b11ee-c71d-411d-a07e-597a38383046,BMIDIFNG_14G
7e2beb6a-f913-43c7-89f7-b250a5834aeb,BMIDIFNG_14H
bc42c975-4730-4f85-8d6c-bf9a723d1e99,BMIDIFNG_14I
80248bb3-e870-403b-85f9-bda31124fe43,BMIDIFNG_14J
3057b386-8c33-42c3-958e-673a244f43a1,BMIDIFNG_14K
53d4a94f-038c-40dd-8399-d49ef294c94a,BMIDIFNG_14L
7c3e60ac-34a1-4719-9c0c-f4e62a2985ec,BMIDIFNG_14M
833cc571-b01b-4d97-887e-7d89138e483a,BMIDIFNG_14N
38b03e56-e057-4d64-abf3-c7c88dd3fbe2,BMIDIFNG_14O
de3d4532-5817-4aa1-9377-6081d095aae5,BMIDIFNG_14P
5b6b7b7c-797c-4a0a-8b8f-ae178f4efad1,BMIDIFNG_14Q
f3fe0128-958e-4aa9-8b10-745166e1313b,BMIDIFNG_14R
15d81557-0a4e-4192-8a86-ce7d43b3bf2d,BMIDIFNG_14S
a7035079-2c71-47bb-b99c-ef8f6594649a,BMIDIFNG_14T
4e171913-525f-4273-b701-2ee2f995ce67,BMIDIFNG_14U
72585769-d9b6-4c50-ab9c-5c0aa4d6cffd,BMIDIFNG_14V
363a5f56-7507-424d-8169-5dd94d89795f,BMIDIFNG_14W
c8116108-2198-4040-947d-6a46af6ff102,BMIDIFNG_14X
7cea397b-ae65-491b-8a56-6a055fb09ca9,BMIDIFNG_14Y
a7c7eb16-ffde-457b-a0f4-96586f5850ec,BMIDIFNG_14Z
82eb0e20-32aa-4744-9796-cc58da435e41,BMIDIFNG_4D
1bec998f-546b-4efc-902b-534ff0b354a3,BMIDIFNG_4E
99182cba-245e-4652-8d6e-3d09bfe75d11,BMIDIFNG_4F
0bb1c9d9-ea99-4a02-9472-7a2a7a2070c5,BMIDIFNG_4G
7e23940f-da08-44d4-9fb3-a2ca8541cb7d,BMIDIFNG_4H
935163d3-2784-40e5-9e63-75cd27bb185c,BMIDIFNG_4I
5babc40e-eaa1-4993-8e80-ed62c9fdf3d6,BMIDIFNG_4J
4d8cba8d-83c7-4712-901c-4296fdb5fefe,BMIDIFNG_4K
ce39e702-ec88-490d-9c6f-077b59146d34,BMIDIFNG_4L
1bbcf501-e1a0-4a57-a770-fb9f4c515001,BMIDIFNG_4M
a9c064dc-814d-4a2f-91d0-4f6a9a213383,BMIDIFNG_4N
76dd5376-12c0-443b-8a89-09d9c40f3334,BMIDIFNG_4O
031937c3-c662-4f1d-8f27-7bb2da057013,BMIDIFNG_4P
1423d8aa-5911-48be-b30c-1bce8e9f6f4a,BMIDIFNG_4Q
074d968c-7f59-4ad8-bd81-01db85be84d8,BMIDIFNG_4R
175610b6-a33b-4f11-a816-996bd35918f2,BMIDIFNG_4S
8923b7e3-e1b7-40cb-9d44-6163a9631cf7,BMIDIFNG_4T
d5defa10-fb6f-4ec4-a741-0f77f3bb5fbd,BMIDIFNG_4U
e4d18bcc-ecc9-4ed2-90f5-67fe66db9346,BMIDIFNG_4V
8f1c0c4a-1b87-41af-9d7e-d0f541425c51,BMIDIFNG_4W
4127188f-abb8-4992-afff-6189dc7fa38e,BMIDIFNG_4X
4147bbdf-2fd6-438c-9e39-997bdf662696,BMIDIFNG_4Y
72128751-dbde-468e-80ab-bf3d64881a25,BMIDIFNG_4Z
4ca61761-0778-4650-bf00-3eda61d71ee1,BMIDIFNG_5D
64a2e8a7-bb49-43c7-b4b2-b0882cd2bdab,BMIDIFNG_5E
8a713213-66f8-4f3f-8ddc-7b40e3bd7cb2,BMIDIFNG_5F
89db5c21-20d6-4612-996d-3db787ea0a2e,BMIDIFNG_5G
8645c937-bfbd-4b78-8fef-a3e1cd3e1b30,BMIDIFNG_5H
e3d0b0bb-2a0c-4962-9943-f2f0e48b135c,BMIDIFNG_5I
92e71e41-05a9-4e4a-9bf7-0b926a289f47,BMIDIFNG_5J
b0c031c0-6d7d-45ad-ad8a-55e07281a43d,BMIDIFNG_5K
fa3a7b89-8170-4331-8203-8ce732bce336,BMIDIFNG_5L
9f3b3a5a-f292-4460-bdf6-c715cb70dcd5,BMIDIFNG_5M
1863865a-1964-4f27-b6a9-3a3ebcc758d8,BMIDIFNG_5N
004a3443-5721-41ff-b123-ea2d4919911b,BMIDIFNG_5O
fc820489-1d3f-4b7c-8211-b060de1501f8,BMIDIFNG_5P
bc0deef2-77e5-4460-a06d-8d658c4e718f,BMIDIFNG_5Q
b952a2ae-c657-4f07-9ee0-dabad793197c,BMIDIFNG_5R
78e3982b-2ea0-4d00-99d4-8c708e7a8b7f,BMIDIFNG_5S
bf481012-7b00-4ed3-8294-079eb9134cc4,BMIDIFNG_5T
c308a9fa-f083-4ea9-83cc-24c1d21db684,BMIDIFNG_5U
e9d1c7a0-8f17-47df-8f20-95d6cd4a7fce,BMIDIFNG_5V
85d21686-598f-475c-89bb-fde4cdf34a21,BMIDIFNG_5W
aa9d775b-89db-43d5-bd5d-62f3883dad29,BMIDIFNG_5X
5e719302-8933-4147-b8d8-0bcdb0fc4d3d,BMIDIFNG_5Y
3c5da02e-3e93-4382-84df-8f7291e6c682,BMIDIFNG_5Z
c28f65f1-8bf3-4012-b946-bdbe65fa9c1d,BMIDIFNG_6D
57780609-337d-459f-af98-3dc7cf63b455,BMIDIFNG_6E
58dd5be8-c8ef-46b3-8e61-189e6f2c4d3e,BMIDIFNG_6F
0c2fce97-2bf1-40b6-8ec2-085fb02831d7,BMIDIFNG_6G
7c9cd8c7-c1bf-4bd6-8369-65011bb74b7d,BMIDIFNG_6H
d04f7711-00c2-405f-88a4-6e8e591765bc,BMIDIFNG_6I
4a63f8c7-98da-4e48-b4a4-7caf7f249d15,BMIDIFNG_6J
ee4e4443-6d1c-478f-ba82-14e3cca4d000,BMIDIFNG_6K
7c484f76-51b0-4937-859d-522d4b1aa3de,BMIDIFNG_6L
578d916e-8661-428a-8a12-d3b3ca521119,BMIDIFNG_6M
446672b5-5046-48f7-8841-a323c39bf3c9,BMIDIFNG_6N
39d0a3c1-e12b-4389-8954-4a03faae0b9e,BMIDIFNG_6O
b96d4087-c132-4c22-911a-2bdf3d427a56,BMIDIFNG_6P
845c0b09-06e0-44b7-9b7a-4bedf7514418,BMIDIFNG_6Q
8f71dc41-f109-4727-895e-a4db5cf9d9c4,BMIDIFNG_6R
41c775b7-bd10-43da-ac5a-1f6f08955a05,BMIDIFNG_6S
6e270d95-e434-4389-9750-c5f64363bcbe,BMIDIFNG_6T
2f27e7c7-c36f-4426-9d9d-0766559d1846,BMIDIFNG_6U
e3889db2-c049-4b69-a364-fe4bd324fb30,BMIDIFNG_6V
da118ad5-9268-4dc1-abc5-a0c964d29bac,BMIDIFNG_6W
c9ad0786-2b3c-4bc5-b7cc-1a5d0380d125,BMIDIFNG_6X
f8b01e15-1cc3-40e4-aa99-f9fde7451b6e,BMIDIFNG_6Y
5e89437a-428b-4812-a956-2222a7f9a589,BMIDIFNG_6Z
ac6a4a29-5d4a-4045-ba0e-21ac7bc46120,BMIDIFNG_7D
c72207d5-db51-4b67-9bd2-88cf9cd56daa,BMIDIFNG_7E
62e7fa36-2169-44b9-a9cb-8b6fab0be58f,BMIDIFNG_7F
d35663dd-4f42-4a92-ab71-490d4fa3b2c5,BMIDIFNG_7G
a7a89c3a-3d7a-489f-9f06-a0bc89d106e8,BMIDIFNG_7H
cd38d76d-7c2c-4c56-bd9e-7257a8c884bb,BMIDIFNG_7I
3e171861-3fef-477d-b98f-e0807bf44367,BMIDIFNG_7J
9ca9f8f4-ffd4-49b4-99c1-e956ca54a87f,BMIDIFNG_7K
2309b080-7df5-4457-98f2-c41e37de77f2,BMIDIFNG_7L
34252397-faae-47e6-a3a4-811219c252f9,BMIDIFNG_7M
2aca3352-11b8-4981-a9b7-58175a8114fc,BMIDIFNG_7N
196515dd-8042-4b47-a5f2-3bc3d09e7cdc,BMIDIFNG_7O
6f252208-1d4b-4375-a0b4-64b8d41a66e3,BMIDIFNG_7P
30a86979-fba0-4a55-9f09-367919e6a372,BMIDIFNG_7Q
a29ffc57-978b-4ac5-a3f1-33326189fa5c,BMIDIFNG_7R
b55be521-9235-4c05-8757-cae0956ca46a,BMIDIFNG_7S
55e0e666-22c6-405c-aec2-120cdb560dc5,BMIDIFNG_7T
b1a7f0ab-6426-40d4-8b3a-76f5234bc586,BMIDIFNG_7U
54c2edba-bead-4492-b7f0-9be51f8ea5b4,BMIDIFNG_7V
82fb2819-dea8-46bd-8776-66b12890d899,BMIDIFNG_7W
461efc04-87cc-4cef-9471-6cdd97163aad,BMIDIFNG_7X
b90de7d5-57aa-4f16-9164-33e6ad538d03,BMIDIFNG_7Y
c97c7763-0d53-4e75-b961-842b136ed1bf,BMIDIFNG_7Z
8b1004f0-912c-4267-bfbd-90ca189b78c1,BMIDIFNG_8D
421fd207-6b87-4077-b009-7a60448873e9,BMIDIFNG_8E
097494a7-b3f2-4e59-83f2-25735fc35f1b,BMIDIFNG_8F
67e856cb-7f82-4d57-a9c4-afc5808f23ae,BMIDIFNG_8G
aced5a70-d31d-4d11-acbf-ee3512841520,BMIDIFNG_8H
4ad15419-0d7d-4312-b0fb-c8b84102f309,BMIDIFNG_8I
1a8a947f-fc89-4083-934e-428e3df373b5,BMIDIFNG_8J
2eec0508-3551-4863-8657-e9276efb3aaf,BMIDIFNG_8K
08964e01-4af2-495c-9ae0-f204c6c9b99d,BMIDIFNG_8L
c033d96b-f540-41cf-bcb1-26034a87cc25,BMIDIFNG_8M
d4db2760-4ff2-4e9e-90f5-a99a555c4b35,BMIDIFNG_8N
cbaec225-9159-442b-bf6f-26191aa9b711,BMIDIFNG_8O
066e3564-8970-4459-9f60-aa44058ccc2f,BMIDIFNG_8P
421bfe81-6fb4-4454-884d-473f407801b2,BMIDIFNG_8Q
0d2b707a-447e-4da4-b675-654bfa263381,BMIDIFNG_8R
1560755f-afc9-4e1b-9da7-deac3bfa0ad5,BMIDIFNG_8S
758fa983-f54c-4be0-b1f4-d61d8fb449bf,BMIDIFNG_8T
12f927e2-3901-4ed6-94f5-081bc2b378c4,BMIDIFNG_8U
ed964a01-f035-4bb3-a936-4c49a6f219fc,BMIDIFNG_8V
81d819ff-c982-4e70-9cdf-5dd9d1542342,BMIDIFNG_8W
cbeeef41-7154-4596-9112-0f8dbfc42838,BMIDIFNG_8X
72fecf3a-9ff6-47ff-88ac-1caaca7ad851,BMIDIFNG_8Y
5420bf7e-a7db-4f53-bf97-76ead0da3a5f,BMIDIFNG_8Z
57e14f4c-9ba0-4c34-a475-2cacd68dae38,BMIDIFNG_9D
5ec5e693-09db-4581-a2e9-efe49fd0aea9,BMIDIFNG_9E
b7e861d2-4e2e-4d14-b939-e319f47dd4c1,BMIDIFNG_9F
584772d1-9fb6-4825-b9ba-43669fc251b6,BMIDIFNG_9G
e6b98b18-ab47-45b9-91cd-2402e99ae8a2,BMIDIFNG_9H
e56cc660-dc47-4e27-afab-e1fd454882ca,BMIDIFNG_9I
3b6d096d-a8ea-421e-b5a4-b0b9fc694296,BMIDIFNG_9J
d8c6e989-14c0-4f76-9912-48f161ac5528,BMIDIFNG_9K
1e85aa27-9a1e-457d-9ca3-7a5230283d57,BMIDIFNG_9L
27367d69-f2ec-404f-9987-900f80d135b5,BMIDIFNG_9M
70c38f5a-354d-4a42-bc30-6253dbae7eb3,BMIDIFNG_9N
c7c8a343-cdf9-4f50-b2a1-b04c93d1e8d3,BMIDIFNG_9O
f482e8f2-d1dc-40cc-ba7c-c18524487881,BMIDIFNG_9P
b5f3de05-0858-4986-b90f-eafe5d1a2bb4,BMIDIFNG_9Q
c9a5fb27-038e-4318-a0a6-eec2742a9249,BMIDIFNG_9R
1f43b541-0872-463b-9da3-da9ef3259cf9,BMIDIFNG_9S
7cdd0356-80ce-471b-b53a-1df47fa0764a,BMIDIFNG_9T
2742813d-fa95-4c0b-916e-0823070e5a80,BMIDIFNG_9U
2c40ccb0-a77e-4a51-b2a1-39b91b560271,BMIDIFNG_9V
f1f8e056-361b-4dfd-bf98-b01289263795,BMIDIFNG_9W
9f84e2fb-8bb8-42cf-a48a-7e46ca0bf45f,BMIDIFNG_9X
6b682e64-94db-45e7-93fd-bbabc181b3fd,BMIDIFNG_9Y
047c64ed-d11c-48b8-a74a-dc6ceb0e6551,BMIDIFNG_9Z
06568df6-516c-4cce-a0a4-c0b61a82d589,BMIDIFNS_1A
513a82e4-02d3-42a8-bfaf-a8611c3f520a,BMIDIFNS_1B
c6622161-6461-4fca-b7ef-e6e2f392c984,BMIDIFNS_1C
2f112260-b4ab-4cba-9d18-aa7205519f35,BMIDIFNS_1D
d5ceb8fd-87b6-4941-a7c9-5b2aceff8634,BMIDIFNS_1E
e2c41266-3ada-4e59-8480-20c851b314db,BMIDIFNS_1F
02b641d4-7a87-4386-9083-7525e0efe394,BMIDIFNS_1G
bebd7181-933c-4b4e-92c6-84b79f36a0b2,BMIDIFNS_1H
0ddf9217-0262-415b-a3b7-7aecff2365b5,BMIDIFNS_1I
c7035e31-0957-4641-b393-622fdc39225c,BMIDIFNS_1J
5a5ef4e7-5b56-415c-a8ce-9c7740662b96,BMIDIFNS_1K
4be3d679-db29-4c19-8bbc-356a6596511d,BMIDIFNS_1L
2dc4edd1-2e51-4bf2-8a50-d6302e56484b,BMIDIFNS_1M
35390264-f787-4a4b-92ae-db6ee042858a,BMIDIFNS_1O
db24e933-a939-475d-bdda-6235993a9679,BMIDIFNS_1P
3cdd0f70-a667-488a-8ac6-89441c6ec864,BMIDIFNS_1Q
6404bb99-548a-4c8f-9521-590de9800d0f,BMIDIFNS_1R
94f39477-2bfa-4300-a5f7-38065b68d53d,BMIDIFNS_1S
acc6f5ce-2b84-43a0-9853-2601ec05625f,BMIDIFNS_1T
0ffa39b9-4970-41cd-9456-b8359aaa4a97,BMIDIFNS_1U
66e120fe-562c-4888-828b-e193cd9af6b3,BMIDIFNS_1V
d5fb7531-f557-4c91-973b-8841094e91d2,BMIDIFNS_1W
f0a7703b-f9da-4654-97d1-a73fb01830f2,BMIDIFPRE_1A
88b17863-9b1e-4a38-b8bf-80448a69a52b,BMIDIFPRE_1B
bcb93d4f-cbde-41d6-aad0-c7d48efaf8a8,BMIDIFPRE_1C
0660b097-96d6-44ac-9c34-dd112350cce3,BMIDIFPRE_1D
ea7325ab-659a-4726-a4ca-94a6747945a3,BMIDIFPRE_1E
26372742-9494-46fb-9bb7-744e01a6afe3,BMIDIFPRE_1F
fc7083ed-ee06-427b-9f19-c831f7a7c7d8,BMIDIFPRE_1G
e65f107b-6a10-43d2-9d83-44a78f96ff20,BMIDIFPRE_1H
21047278-5171-4506-abc1-afc44720a33c,BMIDIFPRE_1I
19bcc920-105d-4ee8-be8f-93deb16a1d3b,BMIDIFPRE_4C
00ebd7d8-a014-4811-9b13-1f79ad893f68,BMIDIFPRE_1J
141125d5-627d-4bcf-87ec-d80f153acbd4,BMIDIFPRE_1K
3cfcbd3f-d504-4255-abc8-7bdb90d2d5fa,BMIDIFPRE_1L
00412e43-81ca-48ff-9453-b4bb2c6da02a,BMIDIFPRE_1M
efc0dfb2-9855-4590-a611-3bd5f84c4f6c,BMIDIFPRE_1N
f37b62cc-9cd5-4b5c-b891-b2ca72bb639a,BMIDIFPRE_1O
2b9dc0a8-da9f-486c-a2fb-9a8ac0e70829,BMIDIFPRE_1P
5d155eeb-89f2-453e-b98b-b275c1942c82,BMIDIFPRE_1Q
db1ad62c-d4ad-4feb-83b7-4f51d8a7c81b,BMIDIFPRE_1R
8bd5c8dd-c0a9-46ac-8194-fa9893dc5429,BMIDIFPRE_1S
1ecb2785-1788-427e-a582-641c60104257,BMIDIFPRE_1T
4d9f96a6-b6aa-4e63-8202-6ab967cbeb06,BMIDIFPRE_1V
d1ca712b-1b50-430f-9775-42ebc1f4fedc,BMIDIFPRE_1W
7e75f2bf-8b7a-4965-8c13-3d7202902b01,BMIDIFPRE_2A
bda92cf3-0f84-44ae-b876-22fbaa09c84d,BMIDIFPRE_2B
773bc3fe-057a-4973-a844-3872659e4203,BMIDIFPRE_2C
c7df0a3f-d5e2-4b15-a4dd-abc794a38d83,BMIDIFPRE_2D
94d73e21-5f3f-4f14-81bc-9b76edf179a0,BMIDIFPRE_2E
f4a2a9a2-6133-49f7-9e3d-514dadc85678,BMIDIFPRE_2F
6fdb4d1f-8d7e-4c8a-ac9f-b9059380c60e,BMIDIFPRE_2G
4088ac25-79ea-4308-872a-b99aa3bd0da4,BMIDIFPRE_2H
64dc52a1-c969-43d6-b463-a21f4cdd5a7e,BMIDIFPRE_2I
5220ebe0-86c9-4fab-8769-05df2d4fdbdb,BMIDIFPRE_2J
186f9c14-154a-46cc-8456-8d3f0b42710b,BMIDIFPRE_2K
a054c9f5-2cd1-4d34-941d-8b678f47a90e,BMIDIFPRE_2L
80f9c896-3cb0-4b31-81b0-b7af457e31d6,BMIDIFPRE_2M
2b757976-bfd1-4459-b546-5b6b6dbd0702,BMIDIFPRE_2N
ec10af89-0825-4933-b6c2-7911b6c83b6e,BMIDIFPRE_2O
d4921834-a359-4316-890e-537d08dbd7fe,BMIDIFPRE_2P
41973ca1-7035-4ac7-bfc4-f0fc501e36cc,BMIDIFPRE_2Q
b589451a-18d3-4ed3-8638-05409e0b4839,BMIDIFPRE_2R
826b177e-76b3-45b8-820f-0d8fc7bb3291,BMIDIFPRE_2S
3c8954b4-1042-4cd9-915b-3afd791b6a58,BMIDIFPRE_2T
cc7aff9b-eaf7-4b03-88de-821cf7d359f1,BMIDIFPRE_2V
14e3d7ea-5b51-464f-8f85-61a0dc02c45e,BMIDIFPRE_2W
06376e29-ee44-49d8-bfee-eafbe5956e46,BMIDIFPRE_3A
b807ffcf-e09e-4c4d-bbc3-93e152c90745,BMIDIFPRE_3B
814f16ba-1cc6-4293-86ce-b2882fb168d8,BMIDIFPRE_3C
b1c6728d-de8c-4e7e-8b3f-ce71fc849ab1,BMIDIFPRE_3D
6b61fb71-0680-4ee4-9b65-23b99ae537ca,BMIDIFPRE_3E
04eb343c-35c0-4adc-a204-ee5a152a03dc,BMIDIFPRE_3F
5ec38a2a-b6c4-4aea-898a-cbae398c61b5,BMIDIFPRE_3G
8a00998b-37c3-4694-b565-4f7512cbd347,BMIDIFPRE_3H
5461072e-88b5-4dbe-8c71-128fa655eb36,BMIDIFPRE_3J
0746eab8-c6f2-4506-aae5-a1126484012c,BMIDIFPRE_3K
72018995-d84c-4f7c-b6e8-37b007fb2907,BMIDIFPRE_3L
160aac54-1fda-4654-8230-157ab0a440a8,BMIDIFPRE_3M
38359160-1083-44f2-b1ec-63111a2003a7,BMIDIFPRE_3N
26b885aa-06e0-4804-a9b8-70dac1017047,BMIDIFPRE_3O
9e374cd6-825c-4925-b25f-9b5f07b5d8f1,BMIDIFPRE_3P
75797eb4-80ac-48dc-b402-29eba8704021,BMIDIFPRE_3Q
8404ca5f-15e2-48bf-93e8-931482b1de8b,BMIDIFPRE_3R
e72bc3c8-28d2-43de-a663-e094fbc78aaf,BMIDIFPRE_3S
0e2d3747-85ef-4f46-8234-16340508cca1,BMIDIFPRE_3T
22f246c3-5b0d-4048-8ddd-a301029246f1,BMIDIFPRE_3V
f791507a-b8e2-447e-bdea-dc147bd6d7ff,BMIDIFPRE_3W
24017c68-94fc-42b7-a7e4-9f4486c315f4,BMIDIFPRE_4A
9c193058-276b-43d3-91cc-37313d940053,BMIDIFPRE_4B
9efcae25-5699-4957-96b5-41b8d1bc23b5,BMIDIFPRE_4D
1e959aef-f7ba-4311-91db-6eb6b0a8075e,BMIDIFPRE_4E
d51ff545-acb1-486b-8b4b-81b82d47c300,BMIDIFPRE_4F
66abbc0a-79bd-4a56-9656-a559925b0d04,BMIDIFPRE_4G
b19b1e80-ad49-4aa6-a78b-20b4bff7f39f,BMIDIFPRE_4H
084ee045-6f14-4373-8db3-e4d5a213d105,BMIDIFPRE_4I
72c28cb3-044b-415c-8050-bdc4f6a128ab,BMIDIFPRE_4J
b703d255-77d0-4079-9dce-7bc57ba48c61,BMIDIFPRE_4K
3eb90f61-2de7-4aa3-9d1c-c9cb662c1fb7,BMIDIFPRE_4L
ce67d3a0-c303-4d3e-bc72-ef20e59af07b,BMIDIFPRE_4M
1088130d-8d60-4d56-8746-5fca11734056,BMIDIFPRE_4N
e5645c85-83b0-4df5-b6cd-52e28ac33257,BMIDIFPRE_4O
e555be9c-89f4-4141-9f12-89b7af5e60cf,BMIDIFPRE_4P
96ce78a4-90eb-4342-b25c-e62ff28c9a59,BMIDIFPRE_4Q
fbf7bd47-dcaf-4bef-8b8a-45b9d048d476,BMIDIFPRE_4R
dda4511f-a5d3-4479-940e-5b18419a5f58,BMIDIFPRE_4S
4786bb8a-532a-4338-baa2-d5c64778f5bb,BMIDIFPRE_4T
2f20becd-c2c5-455d-8f8d-aae2e3ac19f7,BMIDIFPRE_4V
b8e7d7b3-a583-4051-8e63-5edde0990fcb,BMIDIFPRE_4W
26ca34d6-aed0-449f-86a8-88f4332c6125,BMIDIFPRE_5A
e1b9e72b-608a-4165-99bd-edc29ba1af6d,BMIDIFPRE_5B
837c6659-cf6d-44b0-a809-3afa884b063e,BMIDIFPRE_5C
2f31760c-b54c-4a91-a77d-9b00e940e091,BMIDIFPRE_5D
7ed2eff3-64b7-4a5d-bdb9-e5a09695b2cb,BMIDIFPRE_5E
5f69b91b-f8f0-44c0-b920-b8b833189755,BMIDIFPRE_5F
b963bd4a-0eef-4427-a113-53002452853f,BMIDIFPRE_5G
3ac45e8e-3ee4-42ec-acf0-ec57adac9dad,BMIDIFPRE_5H
9ff7ee16-fce2-4d24-ba66-93f3aff9bc3f,BMIDIFPRE_5I
2010add5-0cf3-44f5-8217-fd43c2b18fd7,BMIDIFPRE_5J
33694696-1a77-47f4-a3c1-4de6591c7a5f,BMIDIFPRE_5K
41232a25-036c-4c67-a074-3bdcbbf19d9c,BMIDIFPRE_5L
4338081f-1294-4462-9ea8-23e1540cf2ad,BMIDIFPRE_5M
cedafe9c-91ac-4d39-b518-124347580b1a,BMIDIFPRE_5N
b5fac025-d0a5-4d26-a052-f91b9a31873f,BMIDIFPRE_5O
98521e8f-7f39-4de1-a99f-a050a5a37888,BMIDIFPRE_5P
c247d625-0751-43b6-9b66-9adb4d16efc6,BMIDIFPRE_5Q
800a8d62-468a-44f3-921a-8402d871684a,BMIDIFPRE_5R
aa021c8f-13d3-4e25-8bdc-ffa65ca48486,BMIDIFPRE_5S
e85e1330-99cd-48da-9c90-e9aa01a38522,BMIDIFPRE_5T
27f8ed50-390f-44d7-b9e3-10afb6955127,BMIDIFPRE_5V
b1f0a6bf-2827-42af-9a4c-74a324377baf,BMIDIFPRE_5W
7e2dee7c-89ba-41b1-85e5-78ef1dd132bc,BMIDIFPRE_6A
a241aef8-7f8a-4d3e-98e6-390846a6f09f,BMIDIFPRE_6B
947b507c-4b60-44e2-8bc8-b2ab953802f7,BMIDIFPRE_6C
cbd12cfb-7eff-43bf-95a4-18d5abd975c9,BMIDIFPRE_6D
ffdd6c5e-5078-4fa4-b74c-ee637283e7d9,BMIDIFPRE_6E
992d4a9f-fb2d-42eb-99c0-679558a663ad,BMIDIFPRE_6F
214e4d36-2e3b-4210-b73e-5532072656ca,BMIDIFPRE_6G
0d66bd6c-8eac-4ae3-b3cf-e232ac368ae0,BMIDIFPRE_6H
87a39f07-222d-4ac6-a3f8-876f9745937f,BMIDIFPRE_6I
73566e16-0045-4180-bbdd-021f017bfbbf,BMIDIFPRE_6J
29103bb8-f8db-42ec-b273-f459d5eb16e7,BMIDIFPRE_6K
d0bdc8c2-e3fc-4a0d-9d42-a7a392ef2787,BMIDIFPRE_6L
ae8ea652-e1ac-4210-88a6-8cbaa924cb6b,BMIDIFPRE_6M
ce4f51f6-b25d-4c23-a1d1-dde42a82a21b,BMIDIFPRE_6N
49578b63-592a-4fbe-ac1b-def202fc96d1,BMIDIFPRE_6O
1771c49d-6d02-4ab1-ad19-97b56a7dd4d7,BMIDIFPRE_6P
73135ba3-27de-457d-bbda-58556409e286,BMIDIFPRE_6Q
acf848f5-f1e8-4678-a14d-7768d0d4b7a0,BMIDIFPRE_6R
e0626a1d-1f9a-454f-a48b-3475c05834c6,BMIDIFPRE_6S
0f466e51-0d89-45a8-b151-763359878355,BMIDIFPRE_6T
f4073b92-d49d-4d69-8fbe-961edf289f16,BMIDIFPRE_6V
b0c5bf8c-8492-4dd4-af16-ea2738dd056f,BMIDIFPRE_6W
9cc4630d-d244-403e-92e4-f72f37ca76f8,BMIDIFPRE_7A
914f0163-188f-4d2e-a954-6807562c7b22,BMIDIFPRE_7B
b5a03a5d-186c-41fe-b171-9acd5f7304f3,BMIDIFPRE_7C
90106432-08c8-410f-b62e-9a7ed9433b90,BMIDIFPRE_7D
47ea8b88-3871-4d13-980e-4dd702c99a06,BMIDIFPRE_7E
45b7ce34-e21c-41c3-a979-c2182c0423f6,BMIDIFPRE_7F
d02b7c2a-3e1d-49cd-b2c6-f3aef83c866a,BMIDIFPRE_7G
8e077d4a-1acc-4295-9eff-9ff7014b646b,BMIDIFPRE_7H
f6bead38-6a74-4a6c-8622-e81926612411,BMIDIFPRE_7I
37393dcd-66c1-4daa-9864-bcc3a1cfd719,BMIDIFPRE_7J
3dd536ae-e831-4f2a-8641-65a549270648,BMIDIFPRE_7K
f99f29a4-fc5b-491c-a055-860f246be1ce,BMIDIFPRE_7L
f768bc3a-ff22-4863-808d-d9ad0d894cce,BMIDIFPRE_7M
65c02928-90e4-40b7-a7dc-3d4775a58800,BMIDIFPRE_7O
4d822011-bcb3-476d-b09c-841ea0f8eabd,BMIDIFPRE_7P
b5ebe13c-5609-46a2-8108-021a13d083cb,BMIDIFPRE_7Q
7a06861b-bc69-470c-ac09-3718080467ca,BMIDIFPRE_7R
ebf7e77b-4b32-4a81-b36c-c421ab07d288,BMIDIFPRE_7S
4204b276-c57b-482f-a58d-6dc66b8ca167,BMIDIFPRE_7T
93887f6d-39aa-4ab2-84ec-fc9bd97e4203,BMIDIFPRE_7V
6b614306-cf53-494c-bf28-322510eb3f59,BMIDIFPRE_7W
03c66e41-e0b9-4113-b2e8-2cc6bbf3c681,BMIGIPRE_1
fabae0a2-74f0-4a50-bddd-3f951e6f29af,BMIGIPRE_2
d1a9fef0-ef69-4176-9178-3d953d49cdc9,BMIGIPRE_3
3e6f04a4-fc62-4a2b-8294-efc9d171da40,BMIGIPRE_4
a3bc0da1-8eaa-4b9d-b37b-32a4b3a60db9,BMIGIPRE_5
25f44741-3cbc-4e17-b783-302e94dab0e3,BMIGIPRE_6
de56c54f-e45a-44a2-9121-608ea1152223,BMIGIPRE_7
690aeef3-86ce-46c3-b352-f72cb74d453e,BMIDIFSOL_10A
49b3446c-fefe-47e2-80e0-baf6209a1df3,BMIDIFSOL_10AA
383c29be-e312-412e-a7af-fdf9c66b50bc,BMIDIFSOL_10AB
35ab1105-4e3f-4682-8113-869f0a4dc2ee,BMIDIFSOL_10AC
edc1365c-d459-4a3c-bc8c-8a6327fb8130,BMIDIFSOL_10AD
fc2b8cfe-fced-4c3c-a124-cd162a10daba,BMIDIFSOL_10AF
f24c5848-9c49-4d47-b164-5301ddaef142,BMIDIFSOL_10B
d3c915a6-4938-4923-ae82-5c7eefe37d45,BMIDIFSOL_10C
7308082e-ce4c-4742-8e71-63ec03eac25b,BMIDIFSOL_10D
3290b39c-dfb1-4731-88a5-a15482a41ff6,BMIDIFSOL_10E
44d82025-2853-4ff1-8a1e-b48b332e6e77,BMIDIFSOL_10F
11958524-9688-4417-86c8-ba50e8b31b9e,BMIDIFSOL_10G
e88e0c94-a6de-4939-a61f-aa904efc3a41,BMIDIFSOL_10H
35f61272-cfb9-4fa8-ab39-9f38bcc6090c,BMIDIFSOL_10I
b0505b4e-6bba-4e31-a808-c3e25269eefd,BMIDIFSOL_10J
05267440-3525-40e1-b09a-b7b1314b5bca,BMIDIFSOL_10K
5d6bc807-2dcb-4059-aaae-9cea34c5dbe4,BMIDIFSOL_10L
343a0dd8-3eb0-4d75-943c-545283b9e19c,BMIDIFSOL_10M
63cfed6e-a8fe-4b1a-9eac-d20c67c94095,BMIDIFSOL_10N
eea06af9-fb72-40d1-a924-73b39aa5da13,BMIDIFSOL_10O
8e66926c-e1fd-47a8-be7a-09ab6ca11035,BMIDIFSOL_10P
17f65ff2-a49f-4fe3-a637-6b9e822ea29f,BMIDIFSOL_10Q
9e44d107-7aad-4d71-b6cf-e3004d5fcbaa,BMIDIFSOL_10R
5092b0b2-44a5-4d4d-ba6f-496fa13eb5d0,BMIDIFSOL_10S
2f459067-d80e-4ac7-80e2-f92200cfcfb7,BMIDIFSOL_10T
788bc05e-10f0-404c-be7e-c541f7711541,BMIDIFSOL_10U
755f105a-6184-4e63-a928-edf7bbc0d6a1,BMIDIFSOL_10V
59a4825a-1e0a-46ad-9820-55d2b63917c6,BMIDIFSOL_10W
950dfccd-1abe-427d-8302-b386a2ed759e,BMIDIFSOL_10X
81b7bb4a-bb3e-4564-875d-e100eda5b675,BMIDIFSOL_1A
0b230ca6-d264-4809-a488-9caf8eca47d1,BMIDIFSOL_1AA
4a05d024-a083-4d37-8f2b-e845dc8cd4a9,BMIDIFSOL_1AB
2881a6fd-d35b-449d-8e80-2bf9c98ce08c,BMIDIFSOL_1AC
51bc5597-667d-4558-9965-1d93461d3011,BMIDIFSOL_1AD
1ca9ca36-0e41-4083-bfdb-e5576f1e0ef2,BMIDIFSOL_1AF
c6bacf0c-ee06-4e1b-a442-fa1e3d2d6a29,BMIDIFSOL_1B
35a4aba4-b2a7-44ef-8ac7-92902d15b9d0,BMIDIFSOL_1C
2816dfbd-0d00-4908-8ce6-26fe2f058736,BMIDIFSOL_1D
b3e9a7aa-c547-4ff0-ab2f-dc4239a1b7fe,BMIDIFSOL_1E
3301dc67-88fc-4c75-b356-d28f718d011a,BMIDIFSOL_1F
1e59e7f1-4bff-4b8e-b441-203977230301,BMIDIFSOL_1G
a10f872a-991d-4c3b-a9de-7af3fdff864d,BMIDIFSOL_1H
1524ac6e-5a06-4ff7-a00b-2f3a9103e6d8,BMIDIFSOL_1I
47ccd1fe-fbeb-42f8-bc68-fe670436c796,BMIDIFSOL_1J
4f9a4410-bba0-44e9-a761-74f21f15c36e,BMIDIFSOL_1K
5d337287-15aa-44f8-a816-91f7a10be6cc,BMIDIFSOL_1L
e75f9da8-6dda-449b-90ba-1089c9e958b0,BMIDIFSOL_1M
5a3fd8d6-8d22-4f28-819c-8fe988533d11,BMIDIFSOL_1N
add2ae12-e9fc-44b4-9c24-65e6e5ec16b7,BMIDIFSOL_1O
04173709-fd6f-4d03-ad41-99e5acfe46a9,BMIDIFSOL_1P
1945e315-8942-4470-a649-8ce585cc589e,BMIDIFSOL_1Q
cd1b5a4e-1b49-4e67-baaf-14f3c05edf22,BMIDIFSOL_1R
ce5c128b-1ebe-4572-aced-6eab28b58588,BMIDIFSOL_1S
915d1414-c1ce-456e-abe2-bd8c24b0a28e,BMIDIFSOL_1T
e83cea69-5e5b-45da-b5f9-3320f87592f8,BMIDIFSOL_1U
1d17e2aa-f28f-4167-9ef6-3eb0af596052,BMIDIFSOL_1V
43391a50-567d-4312-97ec-fed924507e17,BMIDIFSOL_1W
6c6dc5fb-6d1e-45d1-9cac-cae90a879a08,BMIDIFSOL_1X
6edf73be-a586-4ae5-a34b-6f1b722b0fd4,BMIDIFSOL_2A
1def9069-d9ba-4395-86cc-864317f1b6c2,BMIDIFSOL_2AA
df1601d4-5d96-4c45-a2e7-b3a5d0f90aa3,BMIDIFSOL_2AB
50c4a364-56a2-4a6f-9e9f-eb31ff24746e,BMIDIFSOL_2AC
99b5e4d3-735c-4f1d-a083-c20270d802cd,BMIDIFSOL_2AD
9a34c9bb-78fb-4c40-b5d3-6f5cc7139da7,BMIDIFSOL_2AF
9f5b003c-c91b-4415-a3cd-062c4a72b6c3,BMIDIFSOL_2B
422a78a8-eb91-4303-8de9-dc538bb584cc,BMIDIFSOL_2C
192c9d1c-18d2-4cd5-aeaf-fbc0722a5e4c,BMIDIFSOL_2D
c97419f4-4fc9-4203-84c5-5d0ac5fa9a49,BMIDIFSOL_2E
04591047-9a4a-4aad-a577-447422300c3c,BMIDIFSOL_2F
43bf79b4-5c88-4e48-ba91-8b2fe9721b49,BMIDIFSOL_2G
db53b9c6-e4a1-40ce-9896-177563b6a461,BMIDIFSOL_2H
f4cabd4c-b126-4147-821d-eeb752d0c100,BMIDIFSOL_2I
7b169d99-a362-45c1-940d-8f3425e1d858,BMIDIFSOL_2J
6ba0ee33-ab2a-4a32-834d-fee6142c4236,BMIDIFSOL_2K
7271de10-e304-4afc-b83a-883a1a3844f7,BMIDIFSOL_2L
97d787e6-fde6-4672-ab1a-c29eb46ea924,BMIDIFSOL_2M
85f0fc03-d98c-4747-85af-ccaa3b418fc9,BMIDIFSOL_2N
1328e21e-fb74-4c24-b6d7-09f84f4e7f09,BMIDIFSOL_2O
e46baeee-091d-4c79-8ad7-65b9d793aca9,BMIDIFSOL_2P
d6bd5179-bc2a-4da7-a9e1-9b25e3a972f4,BMIDIFSOL_2Q
32f17697-863c-4ca0-baee-22fe610ed0c3,BMIDIFSOL_2R
7b1c0918-d46b-4256-a320-9eb275f2738b,BMIDIFSOL_2S
9054a6e0-d0c0-446b-be4c-d45e50e64c61,BMIDIFSOL_2T
0f4becb4-a669-4dfa-8155-5ab484a96d1f,BMIDIFSOL_2U
7864296f-83cb-4726-bdcf-266a5aec14dd,BMIDIFSOL_2V
f411b100-5450-4193-b1c1-7e62d8cbe0ef,BMIDIFSOL_2W
8da718e3-bc2c-447c-89bb-bdba53a7cfc2,BMIDIFSOL_2X
7d533766-487f-4eae-9071-eff07d44d7a3,BMIDIFSOL_3A
c9a7f4ee-a702-4f59-9f01-12a9e9c0dd3f,BMIDIFSOL_3AA
d71733ec-670d-46e3-81fc-48bcda27a259,BMIDIFSOL_3AB
6541da1f-bd0d-4ef5-938a-b4b63a398602,BMIDIFSOL_3AC
c84708db-2d46-4b39-ad70-b26b7074723a,BMIDIFSOL_3AD
bce00df2-cf4d-49f7-ae44-10d0239d6d7b,BMIDIFSOL_3AF
d9578bd2-e218-41db-8ae6-81ba341c7f2b,BMIDIFSOL_3B
79c3ea50-67f8-4d70-bee1-6fc9cee3a41a,BMIDIFSOL_3C
412c4438-7e24-4dd0-8750-48895734dfa1,BMIDIFSOL_3D
0e4fb3f5-0495-4b01-a0a7-adb0a996381b,BMIDIFSOL_3E
d7fe9109-3de2-4808-b13d-166655466407,BMIDIFSOL_3F
64af4383-89c5-46e5-bcd3-990ecfdbb0ac,BMIDIFSOL_3G
7c127b57-2611-4aa5-a266-82644466d1d4,BMIDIFSOL_3H
ad0ca342-98c7-43ea-b565-403770a4d2c5,BMIDIFSOL_3I
598bb589-9781-477b-9c91-305ac4aca8ca,BMIDIFSOL_3J
293a63c4-79d8-44b6-9450-6f020f7ccaf7,BMIDIFSOL_3K
7a81a197-2d28-4de1-8aab-98ed4f50e6ce,BMIDIFSOL_3L
9034f18b-082c-44e4-b20f-af734d45bec1,BMIDIFSOL_3M
b114094e-700c-4091-a764-129d897e62f4,BMIDIFSOL_3N
a24872cb-f48f-4a36-9a44-0b21c94483d6,BMIDIFSOL_3O
d4bf864c-c19a-4650-87e7-f0f167fa3695,BMIDIFSOL_3P
a85bbb05-90e1-4d90-9cda-31bac7f1b8fb,BMIDIFSOL_3Q
b50b2ffe-4464-4e2c-b018-3c8efae34289,BMIDIFSOL_3R
851b69ed-72af-4038-84a7-216529914660,BMIDIFSOL_3S
9bbb680b-6e76-4873-a632-850629d501dc,BMIDIFSOL_3T
fc6122c5-828d-483e-ad3d-b62d1b035970,BMIDIFSOL_3U
ef4d5722-4f42-4b1f-99d8-7560ed61d983,BMIDIFSOL_3V
85cd7737-a830-4b06-91fa-56f449da2d2a,BMIDIFSOL_3W
5501c63c-e0a3-42cd-88c6-e80d60804af1,BMIDIFSOL_3X
4e747e25-200c-4cce-aeaa-6d0a11f29204,BMIDIFSOL_4A
353073a8-85d0-4c5a-b974-e78928be32af,BMIDIFSOL_4AA
c110536d-e018-4b9c-b0f8-cb6a610bd321,BMIDIFSOL_4AB
eef02879-d0fb-4caa-bec7-cdb8e70b578d,BMIDIFSOL_4AC
f8196ffd-fbd6-4564-bde9-b0374c156d3e,BMIDIFSOL_4AD
c5923b6c-9201-465e-8f65-19e5de9b0a11,BMIDIFSOL_4AF
6effe55d-be84-4f80-a281-6105017aa8e2,BMIDIFSOL_4B
5d0bc3bd-aa2f-4aa1-92a1-0c1ebc12438e,BMIDIFSOL_4C
8b9c684f-d7af-4a51-98d8-41bd967f2deb,BMIDIFSOL_4D
61af2170-ea45-4179-9709-aa5c93f5db02,BMIDIFSOL_4E
fb1c7876-05de-4909-b75e-4576ea76ae87,BMIDIFSOL_4F
b2ec744e-5a10-49f0-8c9d-02152ba21cea,BMIDIFSOL_4G
c278c5d1-e7d3-438d-b4b5-86cbf8e416d6,BMIDIFSOL_4H
b4989d63-07e6-4444-a1b2-539f192eff1d,BMIDIFSOL_4I
48c17032-ae0c-476d-8eb9-7cb50c39604f,BMIDIFSOL_4J
8dc9c446-6b02-462b-8682-e3851412b2a6,BMIDIFSOL_4K
7842591b-fb1b-4ad4-9828-d0521ab9fd37,BMIDIFSOL_4L
0362b580-5d28-4002-9397-be551ca4e9eb,BMIDIFSOL_4M
bb37f0b3-b5e9-49ea-84e3-02b6f301d029,BMIDIFSOL_4N
6063f83d-06dd-4a17-9f93-78e2f695c1e8,BMIDIFSOL_4O
b6f2880e-0325-4ee6-a54d-435a6262ff82,BMIDIFSOL_4P
56979f80-e946-4773-953e-79f1eb22adfd,BMIDIFSOL_4Q
987fe4d6-f04a-4942-b6ad-de677548b187,BMIDIFSOL_4R
ecd8574b-5bb5-442b-9cd8-59eb216181b2,BMIDIFSOL_4S
d7ed107e-e379-453b-94e8-0cf8fe880e73,BMIDIFSOL_4T
1db8a7f8-e5ae-44ba-b2ba-735cb260fd4d,BMIDIFSOL_4U
f4fe347f-519d-48d5-9bcc-99d710eda6f4,BMIDIFSOL_4V
bd7be0f1-b9c6-4a46-bb65-0e7d776be4e5,BMIDIFSOL_4W
b19842cf-9cbb-4504-bcd2-7e856c22e13e,BMIDIFSOL_4X
5f13f040-c512-47fe-af51-e057d744927b,BMIDIFSOL_5A
f74980b8-2bf6-41c1-9ff1-86b66c9185d8,BMIDIFSOL_5AA
e0bcd3bb-b084-4e17-9b7c-031952f9a851,BMIDIFSOL_5AB
ba82d462-438c-4d2f-b26f-6f74335dc2d3,BMIDIFSOL_5AC
cfddd337-9309-485a-9e30-5b74d3bb4f5a,BMIDIFSOL_5AD
d4d64765-1dc1-4af5-ae02-144a1c5ac868,BMIDIFSOL_5AF
211244aa-d752-4dfd-88f9-bbdda65dfcfd,BMIDIFSOL_5B
df45a51d-2cf5-4370-9de3-abbd181caf99,BMIDIFSOL_5C
d235ae95-6e9c-4a62-add4-d2331acc94a0,BMIDIFSOL_5D
688bcd41-263b-412d-8b5b-be6103302495,BMIDIFSOL_5E
7f44b7f0-e87f-4fe6-8b8d-bd6a06c3adbd,BMIDIFSOL_5F
eae2cac4-100a-4aad-8ac3-acbd02b606fb,BMIDIFSOL_5G
83b0b96a-b996-407b-b211-813be3502550,BMIDIFSOL_5H
30defe62-39d7-4795-8976-1ad4afb00061,BMIDIFSOL_5I
4f11a04c-659e-495d-a4cc-ac182fbd2351,BMIDIFSOL_5J
c1e1c949-47f4-4cf6-90f1-9a32234dfced,BMIDIFSOL_5K
3c2216f3-27d5-459d-8225-9763cf46886b,BMIDIFSOL_5L
fe047942-bb3d-4243-995b-731b38869412,BMIDIFSOL_5M
c2bb88c1-0273-4f5a-82dd-cc07f73a72f1,BMIDIFSOL_5N
b8e21daf-f9fc-40ce-989a-329e5fed111a,BMIDIFSOL_5O
d4f982bf-96bb-4f38-8ee0-5ddc32c8e2fd,BMIDIFSOL_6B
9e9e59e9-bfd1-4cfc-90d8-c856a3cef97f,BMIDIFSOL_5P
00936270-3037-4b73-bffa-c486f7113eaa,BMIDIFSOL_5Q
8cd79e50-334d-4a26-b9bc-f510cc08213e,BMIDIFSOL_5R
69785d9d-2df2-454f-9f87-01297b250000,BMIDIFSOL_5S
a7dcf904-0455-4a59-b26a-26b5335571de,BMIDIFSOL_5T
39211a2c-3662-4cf8-bdb5-38fd302f000e,BMIDIFSOL_5U
6d66cd81-73c1-4882-ad3e-e2045a49b31d,BMIDIFSOL_5V
b77164a0-e05c-4359-ae0f-19c797c8361d,BMIDIFSOL_5W
38fd9114-88ef-4b30-b48d-be176029b538,BMIDIFSOL_5X
3aeadcd1-35a3-4ba1-ad8f-f4575835dd05,BMIDIFSOL_6A
535e7325-b553-4999-bcca-b6ff5b745554,BMIDIFSOL_6AA
b78a4f39-21d1-4a52-94a3-f520c62483b7,BMIDIFSOL_6AB
441fdd4d-d342-4279-82ce-5bec67864fee,BMIDIFSOL_6AC
96b18b17-3d27-41f7-8825-bfb46dafd644,BMIDIFSOL_6AD
61441da1-967c-4494-9875-06f07a9ba1af,BMIDIFSOL_6AF
0e331321-e4b6-4280-8ffa-b559cc8a8312,BMIDIFSOL_6C
206dccb1-c393-4c70-ba44-a7519e1dea9e,BMIDIFSOL_6D
5c46429e-b074-490f-8bae-210885b8d290,BMIDIFSOL_6E
711604cb-4ee7-4742-89ce-031e7afb9997,BMIDIFSOL_6F
7a4e6b19-18d8-4b5d-a5a7-435af721f534,BMIDIFSOL_6G
b38800dc-7686-49ea-9423-2fed3efb88ac,BMIDIFSOL_6H
1465bf55-8a3b-4ccd-b22e-1a686997d8ae,BMIDIFSOL_6I
1a9e6f6b-742e-4692-9651-4526467c714f,BMIDIFSOL_6J
4d1dfa9f-f2cd-4945-a027-167e879a7068,BMIDIFSOL_6K
fd80f159-5762-4952-beff-7348f8728fd6,BMIDIFSOL_6L
d514ba95-4e50-4707-b707-42ae6450d055,BMIDIFSOL_6M
40cee0ac-fdd3-4afe-b1d9-1e83be54e396,BMIDIFSOL_6N
e0df7a41-a4ea-416b-a59c-bc24c167a193,BMIDIFSOL_6O
38d06f08-22d3-4388-bb12-b79d326753d4,BMIDIFSOL_6P
6ddb37a3-6eba-461f-aeca-69e72752b9f8,BMIDIFSOL_6Q
400b4dc7-c54c-4e47-a9ca-93b47ab7f01b,BMIDIFSOL_6R
812c7e9a-a79c-4b88-aa2e-6f79b5af8fc9,BMIDIFSOL_6S
8311f602-ecba-4da9-8480-15c579fcfa99,BMIDIFSOL_6T
b1f389fb-ecf5-4e7b-aeec-1484b0ccf13c,BMIDIFSOL_6U
48ca48e5-3eb8-4f28-a23b-b21770e526f2,BMIDIFSOL_6V
b3627138-f028-418c-9fe8-5ae1497e1e71,BMIDIFSOL_6W
479b5a89-11df-4ce3-aa4f-42c460c36450,BMIDIFSOL_6X
466b58f7-8372-4026-b1da-fda34862f02c,BMIDIFSOL_7A
de967d9b-f746-48c9-a610-230a8d26b0b9,BMIDIFSOL_7AA
997dab43-994b-41a8-afba-34e74be49cad,BMIDIFSOL_7AB
c0716e72-096f-4323-bae4-09f726a5eb5b,BMIDIFSOL_7AC
4d819fca-f0aa-43b6-9e6d-0064140ac7d4,BMIDIFSOL_7AD
a2d9edaf-a0f1-4b71-9490-68a5a21288f4,BMIDIFSOL_7AF
8bb4df63-a0b8-401b-a332-6f31b4dd91c0,BMIDIFSOL_7B
0b4812e3-bbfd-4237-9855-9c15c63109d4,BMIDIFSOL_7C
fb99b13b-2dfe-4574-9b4a-f692c1f2f630,BMIDIFSOL_7D
4ae56f8d-765c-4a07-bd5c-d8e7c2758439,BMIDIFSOL_7E
0762bb94-10e9-44e0-a3ed-75401a9733f4,BMIDIFSOL_7F
59376067-6fe1-4524-a499-d538aa79acc0,BMIDIFSOL_7G
cc81c282-bdd7-4548-ae54-b3cbab34296f,BMIDIFSOL_7H
67de4ae1-a2bd-4307-a1e7-4ed189619a4a,BMIDIFSOL_7I
70b65dd8-0e8e-440f-9503-315c77fcbf30,BMIDIFSOL_7J
0b74a7e0-68a0-4c6e-b4d8-eafb1d7a5f0d,BMIDIFSOL_7K
a0407e82-1cb9-4b46-930f-458238ea774b,BMIDIFSOL_7L
f1eb35b1-a147-43a9-b76e-ae503bd3e47f,BMIDIFSOL_7M
4ee9bf92-d2b3-46a8-8804-1c5d44c42699,BMIDIFSOL_7N
05538dbd-f0dc-40fe-9612-16560a198c44,BMIDIFSOL_7O
4252d3ed-59ac-4ed7-96d9-6286bc78569b,BMIDIFSOL_7P
5b9e0b0c-2b61-4974-888c-8f0f13fd50b7,BMIDIFSOL_7Q
c33bb4b0-28ce-4077-bb21-6ca6ccccb0df,BMIDIFSOL_7R
1d41af8b-3515-4249-9e2e-4ac07ae07f71,BMIDIFSOL_7S
a47b1286-227d-4800-b9f9-ebe82623a713,BMIDIFSOL_7T
69a5437f-f177-4265-b4ec-5488601cc286,BMIDIFSOL_7U
d3dccde3-56c3-4481-910a-803a3fc8b5ed,BMIDIFSOL_7V
e7829d5c-beae-4a10-b5d7-74525faaf505,BMIDIFSOL_7W
451cc994-fbb4-4aef-b5c9-e71e9cb04e8c,BMIDIFSOL_7X
7059a28f-08fe-44e1-9d7a-fe831f64b3dc,BMIDIFSOL_8A
d14a4fe3-adf0-43c4-b075-489383aaa3ba,BMIDIFSOL_8AA
4e641051-5f8d-440d-b496-6b345da81625,BMIDIFSOL_8AB
41429c08-d8da-4eff-8ad5-4540cf801b5b,BMIDIFSOL_8AC
0cc7782a-a732-44a3-a654-b40d7aa7a449,BMIDIFSOL_8AD
636e2bcf-841f-4f8e-9251-6d3f37043a48,BMIDIFSOL_8AF
792b7275-a051-450e-8d21-e35c14a58b47,BMIDIFSOL_8B
f9380700-23c9-4552-83f4-d92a496eb4d2,BMIDIFSOL_8C
5f3c63d1-87fe-4e30-a940-c1b02507a321,BMIDIFSOL_8D
0d02b4d4-14c7-427b-a5f3-85be3fdd3a97,BMIDIFSOL_8E
70294fd6-78d3-4d88-a3f5-efe4cb8f7055,BMIDIFSOL_8F
70114b8b-1d94-43d6-8188-4f39c5f3ab7d,BMIDIFSOL_8G
48844147-cfa3-46e0-8b2b-53cb82481ec0,BMIDIFSOL_8H
0a934198-5af0-4684-a54e-99bfcd0e54f2,BMIDIFSOL_8I
1c761cb5-69d1-45a4-bdc8-0a4c7f7f7cad,BMIDIFSOL_8J
5afe0b81-6656-4bfd-999b-22e51782a076,BMIDIFSOL_8K
9e4068a9-4db7-429e-b371-be32ed70e4cb,BMIDIFSOL_8L
2e48c64b-06e0-4012-b6ef-fe1156145c83,BMIDIFSOL_8M
a14f1474-57ce-495f-a305-0f89d6309452,BMIDIFSOL_8N
e079ace5-9a6c-405e-850c-348334281b7f,BMIDIFSOL_8O
661e9498-48a9-4ef4-bf19-41e594b7f373,BMIDIFSOL_8P
34972ab7-9cdf-4128-8eb8-dad8a4453008,BMIDIFSOL_8Q
90677f4d-830a-4105-bb0d-93e8ddbf81e3,BMIDIFSOL_8R
dcac2ef3-13ca-4156-8db7-63af6e1b5e01,BMIDIFSOL_8S
990a414f-d8ae-49ed-92c4-67bbe59fcd3e,BMIDIFSOL_8T
d3902777-2b7f-4e3a-bb2a-a5ec488ea227,BMIDIFSOL_8U
2940955c-0cfd-4edf-80ca-b8a59e561631,BMIDIFSOL_8V
3532f70a-4a9e-43b6-b141-59ee702a57ff,BMIDIFSOL_8W
4f8f721c-4884-45b0-b284-4760d9c6806a,BMIDIFSOL_8X
22be3815-c33e-4dce-b427-726a16fabd02,BMIDIFSOL_9A
abe5dbcc-5f03-4bea-a39e-201b284f73a5,BMIDIFSOL_9AA
d57c6483-befa-4eba-88e5-d5ff4c6494a6,BMIDIFSOL_9AB
0d64ca13-3e43-4be1-930a-b9e5cec8cd02,BMIDIFSOL_9AC
26c1b281-6fca-42da-88ba-c088455573e3,BMIDIFSOL_9AD
6f977f89-54e3-4078-9315-96e5e3df8e22,BMIDIFSOL_9AF
499cc821-56e2-43f9-888d-a4ff00a373ba,BMIDIFSOL_9B
ce8d5afd-16d0-4209-bf92-e9b0e23bba69,BMIDIFSOL_9C
d548cde5-15cf-4d02-a3aa-9812c6d04f49,BMIDIFSOL_9D
009cfe8f-ee4e-4913-8999-3771b2d943a3,BMIDIFSOL_9E
e77c6e25-698f-49d5-833e-89ba6eface16,BMIDIFSOL_9F
0706b70f-70f1-44dd-9364-3c6015258b38,BMIDIFSOL_9G
94bd847e-55c1-44f8-841e-ab62811033cd,BMIDIFSOL_9H
b66ba869-4b0c-4185-9a7f-25882f472b25,BMIDIFSOL_9I
3d6e46ab-5600-4e4a-9e3f-765785e8fcd6,BMIDIFSOL_9J
2934f5cc-305d-45b3-aa42-c0c5d2dbb3a4,BMIDIFSOL_9K
7edf7829-b663-4f28-9d96-d013e7124d90,BMIDIFSOL_9L
7c04bb9b-7c9a-454f-a65f-2e79c29d88ca,BMIDIFSOL_9M
c41ae254-fe33-40c2-85cc-984a8be06c76,BMIDIFSOL_9N
7fdd685f-6498-4cd9-8a4b-47f744e18087,BMIDIFSOL_9O
f2c3f2e5-3c08-432b-82ce-e0eac609e06d,BMIDIFSOL_9P
4913b20a-0ac7-4f13-aa0e-70584c3759ec,BMIDIFSOL_9Q
be33a901-0198-41c4-80e9-7b86f5823665,BMIDIFSOL_9R
be8173dc-44e7-47cb-be8a-5994ee1f1454,BMIDIFSOL_9S
9c83b3c3-83a5-4fe2-b0be-f1a807c64321,BMIDIFSOL_9T
ffb872a1-66ee-4357-b6a7-dbc2acd83b28,BMIDIFSOL_9U
70308d9c-cb05-4f4c-884a-704d2f9b3f3c,BMIDIFSOL_9V
1410fb4f-02bd-41b5-9e12-3f850749cd89,BMIDIFSOL_9W
86cac3ad-d463-4109-8a38-39572fdee765,BMIDIFSOL_9X
0ccce65c-89da-4ab3-bcbf-5a8692f9c8b2,BMIGISOL_1
806d7429-97e4-4f76-a4df-7ff56a47badf,BMIGISOL_10
5e0cc053-3ce1-495b-8f4f-463bc80c2632,BMIGISOL_2
4e2605e1-1eef-4372-8937-b15fee71abac,BMIGISOL_3
82e02dac-a24c-4db8-8063-1961a599cd39,BMIGISOL_4
c3288815-ea92-447d-abfd-c93d3f8b221a,BMIGISOL_5
38cac118-84af-4431-83d9-2656c3dcb733,BMIGISOL_6
d61276c3-433c-42a1-b3c2-1b6d86412c05,BMIGISOL_7
0b9070ab-449a-42a2-a198-be94415b9da2,BMIGISOL_8
2f33055f-883d-4a00-8a6e-44694d120dfd,BMIGISOL_9
15109cfd-afa4-4830-917c-ce42341586b9,BMIDIFSG_1D
f5ba7ec6-37b6-46a8-b901-80be9f648f21,BMIDIFSG_1E
d8c1a88e-0e8d-4ccd-abcd-ac996f3e4349,BMIDIFSG_1F
01634683-a803-4c7a-9ab5-9cc57fd58f24,BMIDIFSG_1G
8ffb7857-353a-4c7d-bbc9-71b11a12c216,BMIDIFSG_1H
40c36cf6-b24d-4bde-8079-87a3d5187afc,BMIDIFSG_1I
ae8403ca-4352-4da6-b547-a824de60676c,BMIDIFSG_1J
471634d7-0719-4a91-af28-6711fe3e841c,BMIDIFSG_1K
e890a921-e27f-49d6-9ead-ef175ee84606,BMIDIFSG_1L
5053448a-ad2f-4809-a9aa-e25719bacb4e,BMIDIFSG_1M
501c613d-b094-46a4-8b83-91af37ac7845,BMIDIFSG_1N
4522a864-8756-4529-831c-a475d9a2874c,BMIDIFSG_1O
f17705aa-ff2d-4ba5-9121-d909409f2848,BMIDIFSG_1P
017aa5a0-009a-4a2b-8156-a22746d5cf2a,BMIDIFSG_1Q
682fab61-0ce7-4edc-b36a-88fe23829fcc,BMIDIFSG_1R
c0cf825b-eb24-49a1-99c1-b003cc382341,BMIDIFSG_1S
170ac298-482f-422c-bdc7-5d93a4d9dd57,BMIDIFSG_1T
7943e0da-71a1-4985-aa39-4181cff8c47b,BMIDIFSG_1U
174c68db-f24d-4560-bf50-7792a62b9957,BMIDIFSG_1V
289de693-ffe3-45ce-83c3-ebb8004fa10f,BMIDIFSG_1W
5ddd4024-bce3-4b38-bb43-e1887c1d5350,BMIDIFSG_1X
c306278c-4740-425b-a5b8-0cad1be3f8ab,BMIDIFSG_1Y
5c81ffc2-3999-475a-a552-9460fb41cc2c,BMIDIFSG_1Z
03a07a1c-2a43-47bb-bc41-bb0d54b72a20,BMIDIFSG_2A
32227623-c229-4ce5-9cb1-24a91d94be92,BMIDIFSG_2AA
72ccff9c-3898-442c-89fc-1cc24bdcd57a,BMIDIFSG_2AB
1b786695-005e-4012-b374-95caa318cf8a,BMIDIFSG_2AC
4a5f2d7f-fa3f-44ff-912b-1c7f788d514b,BMIDIFSG_2AD
4a5c6807-4eed-497d-91c8-8bfe11a6b519,BMIDIFSG_2AF
305ffeb0-5550-4153-8525-73082d0afd0b,BMIDIFSG_2B
d606749b-a12d-4d45-a155-ee56fa575b98,BMIDIFSG_2C
6da5caa9-e48e-40cc-b176-2e52fb243772,BMIDIFSG_2D
71875ee6-c573-4f31-8497-1240983fa81b,BMIDIFSG_2E
cedc8d0b-310a-4e11-a111-a088be606ad6,BMIDIFSG_2F
e9582818-b7d7-4d50-8264-9f9040fe3d15,BMIDIFSG_2G
605ff890-24f9-445f-b4c2-6309c1b6b893,BMIDIFSG_2H
c93748e4-3b87-43a4-9e67-d29e9ad9f3e5,BMIDIFSG_2I
4c64c5a6-6370-433d-a9de-78f1cd0a20a8,BMIDIFSG_2J
a21b8c69-4c70-4ad3-834d-0affb6d4b198,BMIDIFSG_2K
946e8109-5df2-4e20-b870-3f6fbe176b1a,BMIDIFSG_2L
bcd6600d-78c9-4941-87ef-ef437246da1b,BMIDIFSG_2M
8218b83b-3884-48d0-9d8f-91bb1ef14f2d,BMIDIFSG_2N
4b0c8e6f-540c-4b87-adda-b98c69db6aac,BMIDIFSG_2O
25d75dec-4c34-4999-bb22-7ffeb91b6782,BMIDIFSG_2P
bec5a2c4-7f97-46d4-bc10-fda7769e8c70,BMIDIFSG_2Q
d39d6f14-d8d4-4b40-81aa-615d01dcea3e,BMIDIFSG_2R
2a755092-3d40-41a7-a297-fea1914e7d6d,BMIDIFSG_3A
680e1057-3a56-4f0a-bf8a-5ffba9fc9fbd,BMIDIFSG_3AA
bcf1ce70-e192-498c-9400-dad07d401476,BMIDIFSG_3AB
1331b3d4-6872-4a04-86e8-9393f4e09e74,BMIDIFSG_3AC
d9b0b4d9-58fd-4cf4-b1f4-c60cb08c2761,BMIDIFSG_3AD
d2777727-cd54-42ef-8140-3f36cad8cbcd,BMIDIFSG_3AF
20d674ff-24a6-4b56-b700-6be157b1b890,BMIDIFSG_3B
bd8d0e83-6eed-460d-9cf0-fc3c33ce5c1a,BMIDIFSG_3C
3caca5bc-2492-4616-819f-2e17bec0dc0b,BMIDIFSG_3D
ff8e5e04-48e0-46ca-baf5-1c0bb6c23f83,BMIDIFSG_3E
948b5c96-b846-4054-8864-ebf9dbb1ea4f,BMIDIFSG_3F
6ea6c5ca-5744-402c-9548-816eff4678ed,BMIDIFSG_3G
174ee410-00c9-4674-985e-4c2bb237b55f,BMIDIFSG_3H
ae153bfd-b53f-4640-9a68-3c8893f613ed,BMIDIFSG_3I
6da4a3f6-49a0-445c-a948-d55a4f4134e2,BMIDIFSG_3J
bad2dbfe-f4d3-451e-9f67-e8bbf4b3affb,BMIDIFSG_3K
297832c0-b042-4fe2-b918-b9680f636d8c,BMIDIFSG_3L
f150bc06-d500-4a85-ae69-1a9eb836b767,BMIDIFSG_3M
c281873b-7504-479d-ab50-f5b1fb2a06fc,BMIDIFSG_3N
0c8e596c-2df9-4840-8599-a7126fd04365,BMIDIFSG_3O
5e7ab6ea-314a-4c06-9937-fead01523e15,BMIDIFSG_3P
7b342fe2-0f8b-48c8-b33f-c024204d56bf,BMIDIFSG_3Q
cf252f09-2d00-43c8-a92e-6a59177c8f23,BMIDIFSG_3R
1706ad33-c14f-4784-9244-5852d3e85b4f,BMIDIFSG_4A
cb3ba6fa-906e-46dc-a313-fd88225a9a11,BMIDIFSG_4AA
d82394f9-2d72-4044-8de3-fbb73ba063ed,BMIDIFSG_4AB
b0c7724a-5dfa-48b5-b1ca-e238f13ad639,BMIDIFSG_4AC
e134245a-abb6-43e8-b154-670161a50f7a,BMIDIFSG_4AD
48342b61-5974-4470-b32a-75ece5f155ab,BMIDIFSG_4AF
b614c9a4-5825-4cf3-948c-08338a84ea3b,BMIDIFSG_4B
0602feb2-25a3-4f8f-ba1c-55129c7dc5bd,BMIDIFSG_4C
3527063a-f172-4d72-be18-c91605e70724,BMIDIFSG_4D
bb747328-4280-4817-9e86-e76260e3c8ac,BMIDIFSG_4E
3c651fbe-26db-42be-8bbe-c7b4441a00fe,BMIDIFSG_4F
3688098b-8bc5-44e3-816b-dc33a8afca5f,BMIDIFSG_4G
d655db9d-40a4-498b-a866-9c01297cbd16,BMIDIFSG_4H
57212bd7-4260-4107-b6c5-c847ebfd2e02,BMIDIFSG_4I
b7c73d38-a377-41dc-8f8f-fcf9522c301c,BMIDIFSG_4J
9088c0bc-7cc6-433c-98fe-d44a5185d6dd,BMIDIFSG_4K
2c84b6f1-b694-41bf-9880-8a599f89a5f8,BMIDIFSG_4L
0838aefa-e2c4-49c2-b446-f1015900829a,BMIDIFSG_4M
ceefcbe6-8e76-4979-b2d5-9bf153509ed1,BMIDIFSG_4N
ca1cdaa1-688d-48d5-8215-533bf2e23822,BMIDIFSG_4O
82156065-bc49-4801-a8ec-060ca39ea230,BMIDIFSG_4P
92e1d705-e48c-46a7-9ab7-6058ad3a044d,BMIDIFSG_4Q
25c159d9-d1e3-4604-adb5-213d6d6ce5dd,BMIDIFSG_4R
9845839d-05e6-4cac-9d35-6e30fcb579d0,BMIDIFSG_5A
f544e33c-377d-4c2c-8a74-0ce426c10bd7,BMIDIFSG_5AA
21e54cab-6eff-414e-92c7-bb2dc93a0d86,BMIDIFSG_5AB
5138bb50-7c89-40ab-b371-83ab1e7dd81c,BMIDIFSG_5AC
3249a8ce-7e9e-400c-b750-5b1988aa99d6,BMIDIFSG_5AD
8ab8f593-4e0e-4fed-92c1-d40766e521f0,BMIDIFSG_5AF
4a824068-77c2-4512-a096-e0d9b5609455,BMIDIFSG_5B
2218385c-20a7-451b-8426-217c3870a7cb,BMIDIFSG_5C
f0940bf9-78c9-4965-b092-e6fe30072628,BMIDIFSG_5D
6c13cd5c-9881-4228-9606-587fdde85d53,BMIDIFSG_5E
845b84d8-115a-4c51-a854-f8df9b5b4b0b,BMIDIFSG_5F
94936ab0-1f9d-4e98-b3c6-b2bb960b0b38,BMIDIFSG_5G
75fabf17-a1ab-4d96-9464-094eccd8faa3,BMIDIFSG_5H
c0ba2f23-c50b-4c9d-bbcd-fa17895c03bc,BMIDIFSG_5I
286f141c-4c26-4c14-a088-8c5ecbf395e2,BMIDIFSG_5J
a57d9856-f0b4-42cb-9fa7-ee4ed387c57a,BMIDIFSG_5K
0673fa0d-1e1a-4ce1-aea5-d2e38c961316,BMIDIFSG_5L
2f8f07ff-ccd9-4ecb-97f9-e7ee1a331297,BMIDIFSG_5M
139900e1-37ff-41e9-819e-e62fce671b15,BMIDIFSG_5N
cb900431-a668-4a09-8c64-aee8a70c52fc,BMIDIFSG_5O
83d3e687-d572-4e1d-b378-44fe3175d3c4,BMIDIFSG_5P
e1651f9d-cd60-4486-a8d2-6605a0556c2f,BMIDIFSG_5Q
2f65e5a0-78c0-40a7-8f11-6a385d1fb314,BMIDIFSG_5R
3337f6c1-db44-427e-a91d-7babe799d383,BMIDIFSG_6A
44e9a744-33fe-4b7d-b97d-f6c73d1e5918,BMIDIFSG_6AA
8f35933c-dabb-4601-966a-da2649ff46db,BMIDIFSG_6AB
7b269b6d-c875-40b0-9460-57d1964c5bef,BMIDIFSG_6AC
fbdae8f6-bab7-425f-a3ee-177f1f4bd928,BMIDIFSG_6AD
15d6f396-cae0-45f7-9144-7f736e662536,BMIDIFSG_6AF
9dfd50b7-380c-4274-8411-23621b30a299,BMIDIFSG_6B
6bae94bc-622e-4b93-b666-0ed2b3dd422e,BMIDIFSG_6C
60f820e6-0c4c-4dfd-bc55-3f23fb19787f,BMIDIFSG_6D
b80c3f66-b5a5-4bea-8c4e-155584208ce5,BMIDIFSG_6E
89cb82ad-fe79-40d1-b4c5-8e0f0ef4e87c,BMIDIFSG_6F
01e3e86d-8e45-4567-94f6-b3530711a37a,BMIDIFSG_6G
0e654645-0e44-4541-98c5-7390574b11db,BMIDIFSG_6H
25e1adac-1f9a-4550-ab80-9d74637947cc,BMIDIFSG_6I
8d1dd54b-3770-4249-bce8-d7679ec2f4c3,BMIDIFSG_6J
4e8b3e0f-6b2c-434b-bfc1-735caab6be47,BMIDIFSG_6K
99217d2a-f181-4078-a5ef-b8b08202da98,BMIDIFSG_6L
65079810-e1e5-4906-973b-4f073b2a454c,BMIDIFSG_6M
198af536-568c-45b7-979c-825b26d9dea1,BMIDIFSG_6N
c6ae91ed-4895-4af0-9781-a94ad8693abd,BMIDIFSG_6O
bd426bec-f348-4ab2-9bf2-e9bc1fee0815,BMIDIFSG_6P
2ac8afb3-d74a-41d8-b58d-9fe226052d2b,BMIDIFSG_6Q
51653c99-3155-4e80-bd19-1644c353d496,BMIDIFSG_6R
10e8a5b3-79d7-44df-8358-ab3df817dd90,BMIDIFSG_7A
9967cb1d-a1d9-47d3-9478-e83d71519d0f,BMIDIFSG_7AA
e406d134-6ff3-4016-b3c3-10fd85fa610d,BMIDIFSG_7AB
25b3195d-ea60-4137-ad0f-e668cf19bda4,BMIDIFSG_7AC
3578c788-7ff5-4b5d-9e89-3a731281fd2d,BMIDIFSG_7AD
6c473f32-6d72-43a9-bd3c-1dbecbd30b00,BMIDIFSG_7AF
1ce894bf-2493-4075-a360-9e7b1afb8b15,BMIDIFSG_7B
1cd97d69-6e03-483b-b06d-4d684abdaf88,BMIDIFSG_7C
3f5649fb-9cbd-4fd0-8678-583e16f04938,BMIDIFSG_7D
c3e4b26b-bd54-4e7d-8829-05840a85c89e,BMIDIFSG_7E
128fd172-e3e9-4ba8-a36a-5c433ec9afa9,BMIDIFSG_7F
067265dc-7eef-4eec-9664-47a9054e8d2e,BMIDIFSG_7G
9edf9d7b-4375-467a-ba4c-99110f7e1181,BMIDIFSG_7H
c79de10c-c3a8-4ebb-acbe-016e92fa3bc8,BMIDIFSG_7I
752f7f20-7fcd-4ec4-8950-704ab26e24b0,BMIDIFSG_7J
1265b7d6-0f22-47f5-9c32-e3b794090043,BMIDIFSG_7K
5f5f2331-f147-42ea-af77-1f4971308a36,BMIDIFSG_7L
781ab221-2528-4420-940d-c2b4b449e612,BMIDIFSG_7M
e085df8b-1fde-4aab-a739-9ad437f17d0e,BMIDIFSG_7N
c9786b20-dbc1-4d82-9da7-330253018c5e,BMIDIFSG_7O
71a8456e-0c3a-4427-ab3c-78e8540f76e5,BMIDIFSG_7P
e1d1274b-8373-42ac-a898-11c197f4bc32,BMIDIFSG_7Q
ac51cf22-384a-46c6-ae4c-87c5694d9256,BMIDIFSG_7R
